product_id,id_web,product_type,total_sales,stock_quantity,couverture_au_rythme_octobre_mois,valeur_stock_cout_ht,segment_stock
6212,13996,Vin,7.0,16,2.2857142857142856,950.72,couverture_1_a_3_mois
6201,14596,Vin,6.0,16,2.6666666666666665,916.64,couverture_1_a_3_mois
6202,15126,Vin,5.0,12,2.4,757.8,couverture_1_a_3_mois
5826,15325,Vin,20.0,34,1.7,738.14,couverture_1_a_3_mois
5008,11602,Vin,7.0,12,1.7142857142857142,677.04,couverture_1_a_3_mois
4407,3509,Cognac,5.0,14,2.8,653.94,couverture_1_a_3_mois
4647,16525,Vin,22.0,45,2.0454545454545454,636.3000000000001,couverture_1_a_3_mois
5069,15344,Vin,7.0,14,2.0,493.64,couverture_1_a_3_mois
4405,13230,Cognac,7.0,15,2.142857142857143,486.90000000000003,couverture_1_a_3_mois
4275,14864,Vin,24.0,62,2.5833333333333335,482.36,couverture_1_a_3_mois
5611,15945,Vin,8.0,14,1.75,472.36,couverture_1_a_3_mois
5563,19821,Vin,8.0,16,2.0,465.12,couverture_1_a_3_mois
4758,15859,Vin,12.0,35,2.9166666666666665,452.55,couverture_1_a_3_mois
4994,14507,Vin,6.0,11,1.8333333333333333,447.70000000000005,couverture_1_a_3_mois
6214,11601,Vin,6.0,9,1.5,446.58,couverture_1_a_3_mois
5391,14141,Vin,12.0,34,2.8333333333333335,442.0,couverture_1_a_3_mois
4573,13604,Vin,8.0,12,1.5,437.52,couverture_1_a_3_mois
5803,13572,Vin,17.0,47,2.764705882352941,431.92999999999995,couverture_1_a_3_mois
5545,14827,Vin,7.0,13,1.8571428571428572,420.55,couverture_1_a_3_mois
6567,15779,Vin,11.0,28,2.5454545454545454,410.76,couverture_1_a_3_mois
4077,15440,Vin,12.0,34,2.8333333333333335,406.29999999999995,couverture_1_a_3_mois
6041,13073,Vin,6.0,11,1.8333333333333333,399.29999999999995,couverture_1_a_3_mois
4239,16567,Vin,10.0,27,2.7,398.52,couverture_1_a_3_mois
4611,15452,Vin,11.0,29,2.6363636363636362,396.43,couverture_1_a_3_mois
6222,7032,Vin,10.0,29,2.9,383.67,couverture_1_a_3_mois
5619,15922,Vin,5.0,10,2.0,383.1,couverture_1_a_3_mois
4635,798,Vin,8.0,12,1.5,383.04,couverture_1_a_3_mois
5573,14729,Vin,12.0,22,1.8333333333333333,382.58000000000004,couverture_1_a_3_mois
5925,15351,Vin,8.0,15,1.875,375.9,couverture_1_a_3_mois
4915,15615,Vin,11.0,28,2.5454545454545454,374.64000000000004,couverture_1_a_3_mois
5969,13211,Vin,6.0,10,1.6666666666666667,374.3,couverture_1_a_3_mois
4203,15415,Vin,27.0,74,2.740740740740741,370.74,couverture_1_a_3_mois
5703,11736,Vin,10.0,23,2.3,366.84999999999997,couverture_1_a_3_mois
6109,15201,Vin,9.0,17,1.8888888888888888,358.02,couverture_1_a_3_mois
4158,16093,Vin,13.0,36,2.769230769230769,357.84,couverture_1_a_3_mois
4902,13052,Vin,8.0,15,1.875,352.95000000000005,couverture_1_a_3_mois
4901,14802,Vin,9.0,17,1.8888888888888888,352.92,couverture_1_a_3_mois
6622,15205,Vin,8.0,16,2.0,352.32,couverture_1_a_3_mois
4558,15426,Vin,9.0,23,2.5555555555555554,350.52,couverture_1_a_3_mois
5810,14429,Vin,11.0,27,2.4545454545454546,344.78999999999996,couverture_1_a_3_mois
5770,15178,Vin,10.0,19,1.9,344.46999999999997,couverture_1_a_3_mois
4672,14676,Vin,13.0,36,2.769230769230769,344.16,couverture_1_a_3_mois
5465,16034,Vin,8.0,12,1.5,343.20000000000005,couverture_1_a_3_mois
4718,15670,Vin,12.0,35,2.9166666666666665,342.29999999999995,couverture_1_a_3_mois
4913,13814,Vin,8.0,23,2.875,339.48,couverture_1_a_3_mois
5630,12365,Vin,10.0,23,2.3,336.03,couverture_1_a_3_mois
6325,15678,Vin,10.0,22,2.2,333.08000000000004,couverture_1_a_3_mois
4792,15733,Vin,12.0,29,2.4166666666666665,327.12,couverture_1_a_3_mois
7023,15891,Vin,9.0,23,2.5555555555555554,326.83000000000004,couverture_1_a_3_mois
4564,15621,Vin,10.0,28,2.8,326.48,couverture_1_a_3_mois
4071,15953,Vin,10.0,19,1.9,325.84999999999997,couverture_1_a_3_mois
6926,15845,Vin,9.0,12,1.3333333333333333,324.84000000000003,couverture_1_a_3_mois
4073,13074,Vin,4.0,8,2.0,324.8,couverture_1_a_3_mois
5968,13215,Vin,5.0,9,1.8,322.46999999999997,couverture_1_a_3_mois
4671,15527,Vin,10.0,28,2.8,316.96000000000004,couverture_1_a_3_mois
4893,15808,Vin,10.0,21,2.1,314.79,couverture_1_a_3_mois
5809,15080,Vin,11.0,32,2.909090909090909,310.72,couverture_1_a_3_mois
4132,11668,Vin,5.0,7,1.4,310.09999999999997,couverture_1_a_3_mois
5804,14955,Vin,9.0,25,2.7777777777777777,310.0,couverture_1_a_3_mois
4794,12771,Vin,9.0,14,1.5555555555555556,309.96000000000004,couverture_1_a_3_mois
6664,15661,Vin,8.0,16,2.0,308.96,couverture_1_a_3_mois
5483,15753,Vin,13.0,31,2.3846153846153846,301.01000000000005,couverture_1_a_3_mois
4784,15734,Vin,10.0,21,2.1,299.88,couverture_1_a_3_mois
6585,15434,Vin,10.0,29,2.9,298.99,couverture_1_a_3_mois
6620,16046,Vin,7.0,11,1.5714285714285714,298.54,couverture_1_a_3_mois
4656,10814,Vin,7.0,13,1.8571428571428572,297.44,couverture_1_a_3_mois
4716,15657,Vin,11.0,32,2.909090909090909,295.36,couverture_1_a_3_mois
4646,15848,Vin,10.0,27,2.7,294.03000000000003,couverture_1_a_3_mois
5896,15910,Vin,11.0,23,2.090909090909091,293.48,couverture_1_a_3_mois
4254,12203,Vin,9.0,20,2.2222222222222223,291.8,couverture_1_a_3_mois
4213,15718,Vin,6.0,10,1.6666666666666667,291.6,couverture_1_a_3_mois
4566,15457,Vin,8.0,19,2.375,290.89,couverture_1_a_3_mois
5523,15862,Vin,6.0,9,1.5,286.46999999999997,couverture_1_a_3_mois
5613,14855,Vin,11.0,28,2.5454545454545454,286.16,couverture_1_a_3_mois
4137,13209,Vin,7.0,18,2.5714285714285716,285.48,couverture_1_a_3_mois
5711,16121,Vin,10.0,23,2.3,285.2,couverture_1_a_3_mois
6226,15161,Vin,10.0,26,2.6,284.96000000000004,couverture_1_a_3_mois
4398,12641,Whisky,7.0,10,1.4285714285714286,283.9,couverture_1_a_3_mois
5801,11277,Vin,9.0,22,2.4444444444444446,283.8,couverture_1_a_3_mois
6207,16077,Vin,9.0,22,2.4444444444444446,283.58000000000004,couverture_1_a_3_mois
4048,16044,Vin,12.0,24,2.0,282.71999999999997,couverture_1_a_3_mois
5956,15895,Vin,12.0,32,2.6666666666666665,281.6,couverture_1_a_3_mois
4399,12640,Whisky,6.0,10,1.6666666666666667,281.2,couverture_1_a_3_mois
4616,14371,Vin,6.0,10,1.6666666666666667,279.8,couverture_1_a_3_mois
4918,15533,Vin,8.0,15,1.875,279.6,couverture_1_a_3_mois
4215,15480,Vin,7.0,20,2.857142857142857,279.40000000000003,couverture_1_a_3_mois
5816,15237,Vin,11.0,32,2.909090909090909,279.36,couverture_1_a_3_mois
5062,15713,Vin,9.0,12,1.3333333333333333,279.0,couverture_1_a_3_mois
4648,16262,Vin,9.0,22,2.4444444444444446,278.96,couverture_1_a_3_mois
4220,15758,Vin,18.0,48,2.6666666666666665,276.0,couverture_1_a_3_mois
4257,12476,Vin,10.0,16,1.6,275.2,couverture_1_a_3_mois
4977,14930,Vin,12.0,31,2.5833333333333335,274.04,couverture_1_a_3_mois
7025,15887,Vin,5.0,8,1.6,273.76,couverture_1_a_3_mois
6570,15706,Vin,9.0,19,2.111111111111111,272.27,couverture_1_a_3_mois
4930,16155,Vin,12.0,29,2.4166666666666665,269.99,couverture_1_a_3_mois
6204,14604,Vin,9.0,17,1.8888888888888888,269.62,couverture_1_a_3_mois
4670,15525,Vin,12.0,30,2.5,268.8,couverture_1_a_3_mois
4666,13647,Vin,11.0,24,2.1818181818181817,268.32,couverture_1_a_3_mois
5797,15688,Vin,11.0,29,2.6363636363636362,267.96,couverture_1_a_3_mois
6572,15704,Vin,8.0,12,1.5,267.36,couverture_1_a_3_mois
4684,14451,Vin,10.0,28,2.8,264.59999999999997,couverture_1_a_3_mois
5964,13662,Vin,13.0,31,2.3846153846153846,263.81,couverture_1_a_3_mois
5380,16022,Vin,10.0,27,2.7,263.78999999999996,couverture_1_a_3_mois
4720,16513,Vin,13.0,31,2.3846153846153846,262.26000000000005,couverture_1_a_3_mois
5610,14912,Vin,11.0,29,2.6363636363636362,261.58,couverture_1_a_3_mois
4650,15206,Vin,9.0,20,2.2222222222222223,261.4,couverture_1_a_3_mois
4186,16190,Vin,11.0,29,2.6363636363636362,261.29,couverture_1_a_3_mois
5554,13969,Vin,7.0,13,1.8571428571428572,257.78999999999996,couverture_1_a_3_mois
4049,16043,Vin,10.0,25,2.5,256.75,couverture_1_a_3_mois
4212,15717,Vin,8.0,12,1.5,256.68,couverture_1_a_3_mois
4099,15813,Vin,14.0,40,2.857142857142857,256.4,couverture_1_a_3_mois
4619,11049,Vin,4.0,8,2.0,256.08,couverture_1_a_3_mois
4400,14768,Cognac,9.0,12,1.3333333333333333,254.16,couverture_1_a_3_mois
4995,14509,Vin,4.0,6,1.5,253.92000000000002,couverture_1_a_3_mois
4689,13736,Vin,13.0,38,2.923076923076923,253.83999999999997,couverture_1_a_3_mois
4980,15229,Vin,8.0,18,2.25,253.79999999999998,couverture_1_a_3_mois
4783,13754,Vin,8.0,16,2.0,253.6,couverture_1_a_3_mois
4888,15776,Vin,6.0,17,2.8333333333333335,252.45,couverture_1_a_3_mois
4216,15213,Vin,13.0,35,2.6923076923076925,252.0,couverture_1_a_3_mois
5904,15856,Vin,13.0,27,2.076923076923077,251.64000000000001,couverture_1_a_3_mois
6568,15707,Vin,4.0,7,1.75,249.97,couverture_1_a_3_mois
5488,14712,Vin,6.0,11,1.8333333333333333,249.7,couverture_1_a_3_mois
5474,14679,Vin,8.0,11,1.375,248.27,couverture_1_a_3_mois
4225,16497,Vin,13.0,27,2.076923076923077,245.16,couverture_1_a_3_mois
5519,15860,Vin,13.0,35,2.6923076923076925,245.0,couverture_1_a_3_mois
4996,14508,Vin,4.0,6,1.5,244.20000000000002,couverture_1_a_3_mois
4654,13514,Vin,9.0,14,1.5555555555555556,244.01999999999998,couverture_1_a_3_mois
4086,16013,Vin,11.0,30,2.727272727272727,243.90000000000003,couverture_1_a_3_mois
6631,15795,Vin,7.0,10,1.4285714285714286,243.9,couverture_1_a_3_mois
4267,16537,Vin,12.0,26,2.1666666666666665,242.58,couverture_1_a_3_mois
5561,19820,Vin,6.0,8,1.3333333333333333,242.16,couverture_1_a_3_mois
4975,14756,Vin,9.0,19,2.111111111111111,241.87,couverture_1_a_3_mois
4632,2179,Vin,7.0,9,1.2857142857142858,241.83,couverture_1_a_3_mois
4609,15145,Vin,14.0,40,2.857142857142857,241.6,couverture_1_a_3_mois
4103,16505,Vin,12.0,30,2.5,240.0,couverture_1_a_3_mois
4250,16317,Vin,11.0,24,2.1818181818181817,239.28000000000003,couverture_1_a_3_mois
4063,16319,Vin,12.0,33,2.75,237.27,couverture_1_a_3_mois
4251,15032,Vin,11.0,31,2.8181818181818183,237.15,couverture_1_a_3_mois
6227,15163,Vin,8.0,11,1.375,235.29000000000002,couverture_1_a_3_mois
4193,16529,Vin,13.0,34,2.6153846153846154,234.94,couverture_1_a_3_mois
5486,16130,Vin,5.0,9,1.8,234.81,couverture_1_a_3_mois
4717,15658,Vin,7.0,20,2.857142857142857,234.60000000000002,couverture_1_a_3_mois
6223,15324,Vin,6.0,17,2.8333333333333335,234.60000000000002,couverture_1_a_3_mois
5815,15238,Vin,9.0,26,2.888888888888889,234.26,couverture_1_a_3_mois
5491,15481,Vin,8.0,18,2.25,234.18,couverture_1_a_3_mois
4597,14000,Vin,4.0,7,1.75,233.94,couverture_1_a_3_mois
4180,15783,Vin,7.0,19,2.7142857142857144,233.32,couverture_1_a_3_mois
5891,15774,Vin,10.0,24,2.4,233.28000000000003,couverture_1_a_3_mois
5756,7033,Huile d'olive,5.0,9,1.8,232.65,couverture_1_a_3_mois
4042,16042,Vin,8.0,15,1.875,232.20000000000002,couverture_1_a_3_mois
5485,16131,Vin,10.0,14,1.4,231.98000000000002,couverture_1_a_3_mois
4712,15667,Vin,13.0,27,2.076923076923077,231.39000000000001,couverture_1_a_3_mois
4054,19816,Vin,3.0,6,2.0,230.82,couverture_1_a_3_mois
4713,14746,Vin,9.0,25,2.7777777777777777,230.50000000000003,couverture_1_a_3_mois
5506,14192,Vin,11.0,24,2.1818181818181817,230.16,couverture_1_a_3_mois
5520,15863,Vin,9.0,12,1.3333333333333333,229.79999999999998,couverture_1_a_3_mois
4303,13172,Vin,10.0,15,1.5,227.85,couverture_1_a_3_mois
6279,16247,Vin,6.0,10,1.6666666666666667,227.7,couverture_1_a_3_mois
5820,15240,Vin,6.0,7,1.1666666666666667,227.35999999999999,couverture_1_a_3_mois
6920,15740,Vin,8.0,9,1.125,225.45000000000002,couverture_1_a_3_mois
6884,15735,Vin,5.0,9,1.8,224.91,couverture_1_a_3_mois
4730,5646,Vin,11.0,31,2.8181818181818183,224.44,couverture_1_a_3_mois
4219,12599,Vin,12.0,25,2.0833333333333335,224.25000000000003,couverture_1_a_3_mois
4068,16416,Vin,12.0,25,2.0833333333333335,223.0,couverture_1_a_3_mois
4634,41,Vin,6.0,11,1.8333333333333333,221.32000000000002,couverture_1_a_3_mois
4933,16281,Vin,11.0,24,2.1818181818181817,221.28000000000003,couverture_1_a_3_mois
4076,13072,Vin,13.0,32,2.4615384615384617,220.8,couverture_1_a_3_mois
5894,16539,Vin,10.0,29,2.9,219.23999999999998,couverture_1_a_3_mois
4040,15303,Vin,7.0,12,1.7142857142857142,219.0,couverture_1_a_3_mois
6107,14101,Vin,5.0,7,1.4,218.89,couverture_1_a_3_mois
4162,14474,Vin,12.0,31,2.5833333333333335,217.61999999999998,couverture_1_a_3_mois
4978,13313,Vin,8.0,23,2.875,217.58,couverture_1_a_3_mois
4286,16066,Vin,3.0,6,2.0,216.36,couverture_1_a_3_mois
4759,16229,Vin,13.0,26,2.0,215.8,couverture_1_a_3_mois
4108,15353,Vin,7.0,13,1.8571428571428572,215.01999999999998,couverture_1_a_3_mois
4307,15946,Vin,14.0,37,2.642857142857143,214.6,couverture_1_a_3_mois
5697,16094,Vin,5.0,14,2.8,214.06,couverture_1_a_3_mois
4617,10459,Vin,4.0,6,1.5,213.42000000000002,couverture_1_a_3_mois
4201,15656,Vin,7.0,11,1.5714285714285714,211.64,couverture_1_a_3_mois
4797,14506,Vin,5.0,5,1.0,211.6,couverture_1_a_3_mois
4041,14975,Vin,6.0,12,2.0,210.84,couverture_1_a_3_mois
6206,16580,Vin,8.0,16,2.0,210.4,couverture_1_a_3_mois
5522,15861,Vin,4.0,8,2.0,210.08,couverture_1_a_3_mois
4786,15881,Vin,12.0,32,2.6666666666666665,209.92,couverture_1_a_3_mois
4679,15283,Vin,12.0,32,2.6666666666666665,209.6,couverture_1_a_3_mois
5743,14323,Vin,4.0,7,1.75,208.17999999999998,couverture_1_a_3_mois
4683,16239,Vin,15.0,43,2.8666666666666667,208.12,couverture_1_a_3_mois
4258,14485,Vin,8.0,12,1.5,207.0,couverture_1_a_3_mois
4938,13379,Vin,13.0,32,2.4615384615384617,206.72,couverture_1_a_3_mois
3847,15298,Vin,6.0,16,2.6666666666666665,206.08,couverture_1_a_3_mois
4920,15530,Vin,6.0,16,2.6666666666666665,205.76,couverture_1_a_3_mois
4166,16124,Vin,9.0,20,2.2222222222222223,205.39999999999998,couverture_1_a_3_mois
4298,16501,Vin,6.0,17,2.8333333333333335,203.83,couverture_1_a_3_mois
4886,15773,Vin,5.0,14,2.8,203.42,couverture_1_a_3_mois
6615,16071,Vin,6.0,12,2.0,203.39999999999998,couverture_1_a_3_mois
4074,15941,Vin,12.0,30,2.5,202.79999999999998,couverture_1_a_3_mois
4728,15729,Vin,5.0,14,2.8,202.72,couverture_1_a_3_mois
4223,16585,Vin,15.0,42,2.8,202.01999999999998,couverture_1_a_3_mois
4910,13809,Vin,8.0,23,2.875,201.48,couverture_1_a_3_mois
4889,16037,Vin,6.0,16,2.6666666666666665,200.8,couverture_1_a_3_mois
4130,15339,Vin,7.0,16,2.2857142857142856,199.68,couverture_1_a_3_mois
4750,13627,Vin,11.0,24,2.1818181818181817,199.20000000000002,couverture_1_a_3_mois
4177,15583,Vin,11.0,28,2.5454545454545454,199.08,couverture_1_a_3_mois
5958,15577,Vin,15.0,44,2.933333333333333,198.0,couverture_1_a_3_mois
4260,14945,Vin,13.0,31,2.3846153846153846,197.47,couverture_1_a_3_mois
4168,15784,Vin,8.0,21,2.625,197.4,couverture_1_a_3_mois
4600,15475,Vin,7.0,15,2.142857142857143,197.10000000000002,couverture_1_a_3_mois
5690,14647,Vin,8.0,9,1.125,197.01,couverture_1_a_3_mois
4615,16186,Vin,7.0,16,2.2857142857142856,196.48,couverture_1_a_3_mois
5068,15345,Vin,3.0,6,2.0,195.0,couverture_1_a_3_mois
6629,15793,Vin,5.0,10,2.0,194.8,couverture_1_a_3_mois
4795,3568,Vin,13.0,32,2.4615384615384617,194.56,couverture_1_a_3_mois
4676,15280,Vin,11.0,28,2.5454545454545454,194.04,couverture_1_a_3_mois
4613,15030,Vin,11.0,23,2.090909090909091,192.74,couverture_1_a_3_mois
5016,14839,Vin,15.0,40,2.6666666666666665,192.39999999999998,couverture_1_a_3_mois
4299,16578,Vin,8.0,10,1.25,191.9,couverture_1_a_3_mois
4271,13460,Vin,10.0,23,2.3,191.36,couverture_1_a_3_mois
5389,13904,Vin,9.0,23,2.5555555555555554,191.36,couverture_1_a_3_mois
4629,2534,Vin,4.0,7,1.75,189.49,couverture_1_a_3_mois
4714,15361,Vin,13.0,26,2.0,187.72,couverture_1_a_3_mois
4098,15378,Vin,8.0,17,2.125,186.32000000000002,couverture_1_a_3_mois
5893,13910,Vin,5.0,13,2.6,185.76999999999998,couverture_1_a_3_mois
5959,15766,Vin,9.0,24,2.6666666666666665,185.28,couverture_1_a_3_mois
4083,16296,Vin,9.0,21,2.3333333333333335,184.38,couverture_1_a_3_mois
5618,15921,Vin,4.0,5,1.25,184.20000000000002,couverture_1_a_3_mois
4060,16498,Vin,13.0,29,2.230769230769231,183.57,couverture_1_a_3_mois
4908,14395,Vin,5.0,7,1.4,182.76999999999998,couverture_1_a_3_mois
4270,15839,Vin,10.0,22,2.2,181.5,couverture_1_a_3_mois
5902,14095,Vin,9.0,10,1.1111111111111112,181.4,couverture_1_a_3_mois
6626,15790,Vin,10.0,11,1.1,181.17,couverture_1_a_3_mois
5010,15073,Vin,4.0,6,1.5,180.96,couverture_1_a_3_mois
5795,13291,Vin,6.0,16,2.6666666666666665,180.64,couverture_1_a_3_mois
4301,16553,Vin,7.0,19,2.7142857142857144,180.31,couverture_1_a_3_mois
4032,19814,Vin,12.0,26,2.1666666666666665,179.92,couverture_1_a_3_mois
4909,15614,Vin,6.0,14,2.3333333333333335,179.9,couverture_1_a_3_mois
6328,15810,Vin,7.0,16,2.2857142857142856,179.68,couverture_1_a_3_mois
4224,15306,Vin,9.0,21,2.3333333333333335,179.13,couverture_1_a_3_mois
6666,16067,Vin,6.0,7,1.1666666666666667,178.92,couverture_1_a_3_mois
4104,15683,Vin,15.0,35,2.3333333333333335,178.85000000000002,couverture_1_a_3_mois
4711,16119,Vin,4.0,6,1.5,178.62,couverture_1_a_3_mois
4078,13435,Vin,5.0,8,1.6,178.24,couverture_1_a_3_mois
5524,15864,Vin,6.0,9,1.5,177.66,couverture_1_a_3_mois
6573,15473,Vin,4.0,5,1.25,176.45,couverture_1_a_3_mois
5566,16192,Vin,5.0,12,2.4,175.56,couverture_1_a_3_mois
3849,15296,Vin,9.0,10,1.1111111111111112,175.39999999999998,couverture_1_a_3_mois
4651,11849,Vin,7.0,7,1.0,173.67,couverture_1_a_3_mois
6127,14573,Vin,12.0,32,2.6666666666666665,173.44,couverture_1_a_3_mois
5817,14600,Vin,5.0,6,1.2,173.22,couverture_1_a_3_mois
6108,14797,Vin,4.0,7,1.75,173.04,couverture_1_a_3_mois
6751,16144,Vin,6.0,7,1.1666666666666667,171.57000000000002,couverture_1_a_3_mois
4281,16330,Vin,12.0,30,2.5,170.70000000000002,couverture_1_a_3_mois
4862,16047,Vin,13.0,35,2.6923076923076925,170.10000000000002,couverture_1_a_3_mois
5398,12315,Vin,6.0,8,1.3333333333333333,169.28,couverture_1_a_3_mois
4620,15850,Vin,13.0,28,2.1538461538461537,168.84,couverture_1_a_3_mois
4628,802,Vin,5.0,8,1.6,168.56,couverture_1_a_3_mois
5819,11933,Vin,4.0,6,1.5,168.42000000000002,couverture_1_a_3_mois
5608,15944,Vin,6.0,11,1.8333333333333333,168.19,couverture_1_a_3_mois
6137,15834,Vin,6.0,7,1.1666666666666667,168.0,couverture_1_a_3_mois
4664,15402,Vin,9.0,20,2.2222222222222223,167.8,couverture_1_a_3_mois
4890,16038,Vin,8.0,19,2.375,166.82,couverture_1_a_3_mois
4190,16191,Vin,10.0,27,2.7,165.51,couverture_1_a_3_mois
6886,14897,Vin,5.0,8,1.6,164.96,couverture_1_a_3_mois
5580,13982,Vin,2.0,4,2.0,164.32,couverture_1_a_3_mois
5395,15095,Vin,10.0,24,2.4,163.68,couverture_1_a_3_mois
4197,16256,Vin,13.0,32,2.4615384615384617,163.2,couverture_1_a_3_mois
7247,13127-1,Vin,4.0,6,1.5,163.07999999999998,couverture_1_a_3_mois
4287,16065,Vin,7.0,8,1.1428571428571428,162.72,couverture_1_a_3_mois
4194,15441,Vin,14.0,29,2.0714285714285716,161.82,couverture_1_a_3_mois
6047,16264,Vin,11.0,29,2.6363636363636362,161.82,couverture_1_a_3_mois
4926,15456,Vin,15.0,40,2.6666666666666665,161.6,couverture_1_a_3_mois
4276,14527,Vin,7.0,17,2.4285714285714284,160.82000000000002,couverture_1_a_3_mois
5564,15748,Vin,9.0,10,1.1111111111111112,160.7,couverture_1_a_3_mois
4596,15476,Vin,5.0,7,1.4,160.37,couverture_1_a_3_mois
4725,16010,Vin,6.0,13,2.1666666666666665,160.29,couverture_1_a_3_mois
5614,14856,Vin,8.0,17,2.125,160.14,couverture_1_a_3_mois
5773,15264,Vin,7.0,9,1.2857142857142858,160.10999999999999,couverture_1_a_3_mois
4690,13659,Vin,11.0,23,2.090909090909091,159.62,couverture_1_a_3_mois
6094,15486,Vin,10.0,24,2.4,159.60000000000002,couverture_1_a_3_mois
4106,15787,Vin,9.0,24,2.6666666666666665,159.35999999999999,couverture_1_a_3_mois
5951,16472,Vin,2.0,4,2.0,158.6,couverture_1_a_3_mois
4105,16504,Vin,16.0,45,2.8125,157.95,couverture_1_a_3_mois
5448,14469,Vin,15.0,42,2.8,157.92,couverture_1_a_3_mois
4653,13515,Vin,8.0,8,1.0,157.12,couverture_1_a_3_mois
4210,15720,Vin,3.0,4,1.3333333333333333,156.68,couverture_1_a_3_mois
6663,16152,Vin,6.0,6,1.0,156.24,couverture_1_a_3_mois
5694,14661,Vin,9.0,25,2.7777777777777777,155.75,couverture_1_a_3_mois
4053,13127,Vin,5.0,7,1.4,155.4,couverture_1_a_3_mois
4165,15075,Vin,10.0,26,2.6,154.70000000000002,couverture_1_a_3_mois
4709,10775,Vin,6.0,7,1.1666666666666667,154.35,couverture_1_a_3_mois
4705,14699,Vin,6.0,9,1.5,154.26,couverture_1_a_3_mois
6575,15479,Vin,4.0,7,1.75,154.21,couverture_1_a_3_mois
4391,11467,Whisky,5.0,7,1.4,154.07000000000002,couverture_1_a_3_mois
4687,15582,Vin,7.0,10,1.4285714285714286,154.0,couverture_1_a_3_mois
6103,14100,Vin,6.0,7,1.1666666666666667,153.09,couverture_1_a_3_mois
5615,15923,Vin,4.0,5,1.25,153.0,couverture_1_a_3_mois
4263,15664,Vin,9.0,18,2.0,152.82,couverture_1_a_3_mois
5967,11669,Vin,3.0,5,1.6666666666666667,152.7,couverture_1_a_3_mois
4154,15141,Vin,13.0,31,2.3846153846153846,152.21,couverture_1_a_3_mois
6584,15769,Vin,10.0,22,2.2,152.02,couverture_1_a_3_mois
5741,15127,Vin,2.0,4,2.0,151.48,couverture_1_a_3_mois
4253,6616,Vin,5.0,5,1.0,150.9,couverture_1_a_3_mois
4163,15482,Vin,11.0,26,2.3636363636363638,150.79999999999998,couverture_1_a_3_mois
5552,13520,Vin,3.0,5,1.6666666666666667,150.55,couverture_1_a_3_mois
4861,15307,Vin,15.0,36,2.4,150.12,couverture_1_a_3_mois
4753,15429,Vin,10.0,23,2.3,149.73,couverture_1_a_3_mois
4964,16515,Vin,10.0,23,2.3,149.5,couverture_1_a_3_mois
4269,16244,Vin,12.0,28,2.3333333333333335,148.96,couverture_1_a_3_mois
5829,15329,Vin,3.0,5,1.6666666666666667,148.7,couverture_1_a_3_mois
4719,16527,Vin,11.0,23,2.090909090909091,148.58,couverture_1_a_3_mois
6070,16133,Vin,11.0,30,2.727272727272727,148.5,couverture_1_a_3_mois
4605,15148,Vin,9.0,9,1.0,148.23,couverture_1_a_3_mois
4264,15665,Vin,7.0,16,2.2857142857142856,147.2,couverture_1_a_3_mois
4059,16275,Vin,16.0,34,2.125,146.88,couverture_1_a_3_mois
5747,15631,Vin,5.0,12,2.4,145.8,couverture_1_a_3_mois
4649,16261,Vin,7.0,18,2.5714285714285716,145.79999999999998,couverture_1_a_3_mois
6928,15741,Vin,7.0,15,2.142857142857143,144.29999999999998,couverture_1_a_3_mois
5445,12194,Vin,8.0,18,2.25,144.0,couverture_1_a_3_mois
5525,14819,Vin,11.0,23,2.090909090909091,143.98,couverture_1_a_3_mois
5609,15930,Vin,5.0,7,1.4,143.78,couverture_1_a_3_mois
5550,13958,Vin,4.0,8,2.0,143.2,couverture_1_a_3_mois
4094,15676,Vin,7.0,20,2.857142857142857,143.0,couverture_1_a_3_mois
4191,16263,Vin,12.0,30,2.5,142.79999999999998,couverture_1_a_3_mois
5546,15202,Vin,7.0,18,2.5714285714285716,142.74,couverture_1_a_3_mois
4662,16081,Vin,6.0,13,2.1666666666666665,142.48000000000002,couverture_1_a_3_mois
4655,13516,Vin,7.0,7,1.0,142.45000000000002,couverture_1_a_3_mois
4936,15106,Vin,10.0,25,2.5,142.0,couverture_1_a_3_mois
5629,8365,Vin,13.0,28,2.1538461538461537,141.67999999999998,couverture_1_a_3_mois
5481,15138,Vin,9.0,25,2.7777777777777777,141.0,couverture_1_a_3_mois
4793,15730,Vin,7.0,15,2.142857142857143,140.54999999999998,couverture_1_a_3_mois
4107,14800,Vin,5.0,8,1.6,140.32,couverture_1_a_3_mois
5061,15711,Vin,3.0,5,1.6666666666666667,139.95,couverture_1_a_3_mois
4205,15413,Vin,6.0,12,2.0,139.8,couverture_1_a_3_mois
4229,15403,Vin,11.0,28,2.5454545454545454,138.88,couverture_1_a_3_mois
5706,15674,Vin,12.0,26,2.1666666666666665,138.32,couverture_1_a_3_mois
5002,14580,Vin,3.0,4,1.3333333333333333,138.16,couverture_1_a_3_mois
4633,804,Vin,3.0,5,1.6666666666666667,138.05,couverture_1_a_3_mois
4778,16072,Vin,9.0,20,2.2222222222222223,137.79999999999998,couverture_1_a_3_mois
6578,15647,Vin,4.0,7,1.75,137.41,couverture_1_a_3_mois
6753,15256,Vin,4.0,6,1.5,136.92000000000002,couverture_1_a_3_mois
4397,12639,Whisky,3.0,5,1.6666666666666667,136.54999999999998,couverture_1_a_3_mois
4401,3506,Cognac,3.0,5,1.6666666666666667,136.05,couverture_1_a_3_mois
5778,15561,Vin,17.0,44,2.588235294117647,135.95999999999998,couverture_1_a_3_mois
4715,15196,Vin,11.0,23,2.090909090909091,135.93,couverture_1_a_3_mois
4602,15659,Vin,4.0,8,2.0,135.44,couverture_1_a_3_mois
5905,12881,Vin,6.0,6,1.0,133.38,couverture_1_a_3_mois
5616,14845,Vin,4.0,7,1.75,133.35,couverture_1_a_3_mois
4152,16238,Vin,6.0,14,2.3333333333333335,133.28,couverture_1_a_3_mois
4171,14332,Vin,11.0,32,2.909090909090909,132.8,couverture_1_a_3_mois
5548,13965,Vin,3.0,5,1.6666666666666667,132.35,couverture_1_a_3_mois
5722,15026,Vin,14.0,38,2.7142857142857144,132.24,couverture_1_a_3_mois
5907,12882,Vin,6.0,14,2.3333333333333335,131.88,couverture_1_a_3_mois
4668,14657,Vin,10.0,21,2.1,130.83,couverture_1_a_3_mois
4393,13765,Whisky,3.0,5,1.6666666666666667,130.65,couverture_1_a_3_mois
5796,13895,Vin,8.0,21,2.625,130.20000000000002,couverture_1_a_3_mois
4265,15136,Vin,12.0,27,2.25,129.86999999999998,couverture_1_a_3_mois
4178,16160,Vin,10.0,21,2.1,129.78,couverture_1_a_3_mois
4231,15461,Vin,10.0,22,2.2,128.7,couverture_1_a_3_mois
5504,16146,Vin,8.0,19,2.375,128.63,couverture_1_a_3_mois
4919,15531,Vin,5.0,10,2.0,128.6,couverture_1_a_3_mois
4102,15767,Vin,7.0,16,2.2857142857142856,128.0,couverture_1_a_3_mois
4211,15714,Vin,3.0,5,1.6666666666666667,127.8,couverture_1_a_3_mois
4962,15737,Vin,8.0,23,2.875,127.64999999999999,couverture_1_a_3_mois
4603,15147,Vin,6.0,8,1.3333333333333333,127.6,couverture_1_a_3_mois
5768,15183,Vin,5.0,7,1.4,127.47,couverture_1_a_3_mois
4242,15310,Vin,14.0,30,2.142857142857143,126.6,couverture_1_a_3_mois
5764,15818,Vin,8.0,20,2.5,126.6,couverture_1_a_3_mois
4057,16039,Vin,14.0,29,2.0714285714285716,126.44000000000001,couverture_1_a_3_mois
5393,12494,Vin,4.0,7,1.75,126.41999999999999,couverture_1_a_3_mois
4937,16283,Vin,11.0,26,2.3636363636363638,126.36000000000001,couverture_1_a_3_mois
4272,13089,Vin,13.0,26,2.0,126.1,couverture_1_a_3_mois
4072,12045,Vin,5.0,8,1.6,125.68,couverture_1_a_3_mois
4604,15660,Vin,4.0,5,1.25,125.3,couverture_1_a_3_mois
6104,14092,Vin,4.0,7,1.75,124.88,couverture_1_a_3_mois
5006,15870,Vin,4.0,5,1.25,124.55,couverture_1_a_3_mois
5962,16326,Vin,5.0,8,1.6,124.0,couverture_1_a_3_mois
4790,15732,Vin,10.0,22,2.2,123.64,couverture_1_a_3_mois
4677,15282,Vin,9.0,25,2.7777777777777777,122.75,couverture_1_a_3_mois
6621,15204,Vin,4.0,7,1.75,122.22,couverture_1_a_3_mois
6035,15342,Vin,6.0,13,2.1666666666666665,121.42,couverture_1_a_3_mois
4974,16004,Vin,5.0,10,2.0,121.19999999999999,couverture_1_a_3_mois
4722,15880,Vin,8.0,18,2.25,120.96,couverture_1_a_3_mois
6106,14106,Vin,2.0,3,1.5,120.57,couverture_1_a_3_mois
4069,11862,Vin,3.0,4,1.3333333333333333,120.28,couverture_1_a_3_mois
5771,15184,Vin,3.0,6,2.0,120.24,couverture_1_a_3_mois
5480,16306,Vin,10.0,23,2.3,119.83,couverture_1_a_3_mois
4176,15629,Vin,8.0,18,2.25,119.34,couverture_1_a_3_mois
5004,15871,Vin,2.0,4,2.0,119.08,couverture_1_a_3_mois
5396,14626,Vin,7.0,14,2.0,118.72,couverture_1_a_3_mois
4900,16063,Vin,5.0,11,2.2,118.25,couverture_1_a_3_mois
5827,15328,Vin,2.0,4,2.0,118.2,couverture_1_a_3_mois
4395,11587,Whisky,7.0,9,1.2857142857142858,117.99,couverture_1_a_3_mois
4202,15655,Vin,3.0,6,2.0,117.78,couverture_1_a_3_mois
6628,15792,Vin,5.0,7,1.4,117.60000000000001,couverture_1_a_3_mois
4891,15807,Vin,4.0,8,2.0,117.6,couverture_1_a_3_mois
4681,15933,Vin,12.0,33,2.75,117.48,couverture_1_a_3_mois
4087,16180,Vin,7.0,15,2.142857142857143,117.14999999999999,couverture_1_a_3_mois
5695,16304,Vin,16.0,33,2.0625,116.49,couverture_1_a_3_mois
4167,15785,Vin,7.0,16,2.2857142857142856,115.84,couverture_1_a_3_mois
4680,15934,Vin,12.0,35,2.9166666666666665,115.15,couverture_1_a_3_mois
4081,13117,Vin,4.0,6,1.5,114.84,couverture_1_a_3_mois
6042,16159,Vin,9.0,25,2.7777777777777777,114.25,couverture_1_a_3_mois
4164,13453,Vin,10.0,28,2.8,113.12,couverture_1_a_3_mois
4268,16307,Vin,7.0,15,2.142857142857143,113.1,couverture_1_a_3_mois
4625,812,Vin,3.0,4,1.3333333333333333,112.64,couverture_1_a_3_mois
6278,16273,Vin,10.0,24,2.4,111.60000000000001,couverture_1_a_3_mois
4626,807,Vin,2.0,4,2.0,111.52,couverture_1_a_3_mois
4217,15672,Vin,6.0,12,2.0,111.35999999999999,couverture_1_a_3_mois
4285,16153,Vin,4.0,5,1.25,110.15,couverture_1_a_3_mois
4045,16041,Vin,3.0,5,1.6666666666666667,110.05000000000001,couverture_1_a_3_mois
4729,38,Vin,10.0,26,2.6,109.72,couverture_1_a_3_mois
5715,14982,Vin,7.0,15,2.142857142857143,109.35,couverture_1_a_3_mois
4207,16023,Vin,15.0,30,2.0,108.89999999999999,couverture_1_a_3_mois
4928,15047,Vin,12.0,28,2.3333333333333335,108.64,couverture_1_a_3_mois
5738,15566,Vin,7.0,15,2.142857142857143,107.55,couverture_1_a_3_mois
5551,13957,Vin,3.0,6,2.0,106.92,couverture_1_a_3_mois
4598,15478,Vin,5.0,5,1.0,106.89999999999999,couverture_1_a_3_mois
5056,13531,Vin,10.0,27,2.7,106.65,couverture_1_a_3_mois
4658,13517,Vin,3.0,4,1.3333333333333333,103.88,couverture_1_a_3_mois
4200,16295,Vin,14.0,33,2.357142857142857,102.96000000000001,couverture_1_a_3_mois
5912,15227,Whisky,2.0,4,2.0,100.32,couverture_1_a_3_mois
4785,15448,Vin,9.0,20,2.2222222222222223,99.2,couverture_1_a_3_mois
5769,15254,Vin,5.0,6,1.2,98.94,couverture_1_a_3_mois
5950,15432,Vin,3.0,4,1.3333333333333333,98.88,couverture_1_a_3_mois
5922,15343,Vin,4.0,4,1.0,97.24,couverture_1_a_3_mois
5003,15869,Vin,2.0,4,2.0,96.64,couverture_1_a_3_mois
4782,16564,Vin,9.0,19,2.111111111111111,95.19,couverture_1_a_3_mois
4364,11585,Whisky,3.0,4,1.3333333333333333,94.4,couverture_1_a_3_mois
5067,15346,Vin,2.0,3,1.5,92.85,couverture_1_a_3_mois
4172,16210,Vin,12.0,31,2.5833333333333335,91.45,couverture_1_a_3_mois
6105,14090,Vin,4.0,5,1.25,89.0,couverture_1_a_3_mois
6627,15791,Vin,4.0,4,1.0,88.96,couverture_1_a_3_mois
4965,16586,Vin,9.0,24,2.6666666666666665,88.08,couverture_1_a_3_mois
4394,13766,Whisky,2.0,3,1.5,83.88,couverture_1_a_3_mois
4046,15269,Vin,2.0,2,1.0,81.84,couverture_1_a_3_mois
6101,14089,Vin,3.0,4,1.3333333333333333,80.08,couverture_1_a_3_mois
4039,19815,Vin,3.0,3,1.0,71.31,couverture_1_a_3_mois
5766,15179,Vin,3.0,4,1.3333333333333333,70.64,couverture_1_a_3_mois
5914,14265,Gin,4.0,4,1.0,68.64,couverture_1_a_3_mois
5742,15125,Vin,2.0,3,1.5,68.52,couverture_1_a_3_mois
4392,11586,Whisky,3.0,3,1.0,66.03,couverture_1_a_3_mois
5818,15241,Vin,1.0,2,2.0,64.96,couverture_1_a_3_mois
4657,11847,Vin,3.0,3,1.0,64.65,couverture_1_a_3_mois
4932,9937,Vin,2.0,5,2.5,63.75,couverture_1_a_3_mois
5574,8463,Vin,2.0,2,1.0,60.36,couverture_1_a_3_mois
5799,14461,Vin,3.0,3,1.0,59.82000000000001,couverture_1_a_3_mois
4627,805,Vin,2.0,2,1.0,57.24,couverture_1_a_3_mois
4708,14700,Vin,3.0,3,1.0,52.050000000000004,couverture_1_a_3_mois
4300,15567,Vin,2.0,2,1.0,46.84,couverture_1_a_3_mois
5916,14774,Whisky,1.0,1,1.0,40.49,couverture_1_a_3_mois
4139,13217,Vin,1.0,1,1.0,39.59,couverture_1_a_3_mois
4631,791,Vin,1.0,1,1.0,38.49,couverture_1_a_3_mois
5063,15715,Vin,1.0,1,1.0,33.92,couverture_1_a_3_mois
4630,793,Vin,1.0,1,1.0,33.21,couverture_1_a_3_mois
5767,15185,Vin,4.0,12,3.0,1085.04,couverture_3_a_6_mois
4404,3507,Cognac,4.0,17,4.25,887.74,couverture_3_a_6_mois
6569,15705,Vin,17.0,58,3.411764705882353,886.24,couverture_3_a_6_mois
4402,3510,Cognac,3.0,11,3.6666666666666665,860.75,couverture_3_a_6_mois
5007,12791,Vin,3.0,15,5.0,838.2,couverture_3_a_6_mois
4406,7819,Cognac,4.0,12,3.0,828.96,couverture_3_a_6_mois
6215,12790,Vin,4.0,14,3.5,790.3000000000001,couverture_3_a_6_mois
5917,14775,Whisky,3.0,12,4.0,650.88,couverture_3_a_6_mois
5918,14773,Whisky,3.0,12,4.0,627.0,couverture_3_a_6_mois
4904,14220,Vin,3.0,9,3.0,611.5500000000001,couverture_3_a_6_mois
4867,16148,Vin,36.0,121,3.361111111111111,588.0600000000001,couverture_3_a_6_mois
6213,15072,Vin,3.0,9,3.0,568.26,couverture_3_a_6_mois
4931,16280,Vin,10.0,34,3.4,512.72,couverture_3_a_6_mois
5899,12339,Vin,11.0,35,3.1818181818181817,502.95,couverture_3_a_6_mois
6095,15489,Vin,10.0,31,3.1,491.65999999999997,couverture_3_a_6_mois
4228,12657,Vin,9.0,30,3.3333333333333335,482.1,couverture_3_a_6_mois
4050,16449,Vin,12.0,42,3.5,472.92,couverture_3_a_6_mois
5019,14696,Vin,13.0,45,3.4615384615384617,469.34999999999997,couverture_3_a_6_mois
4678,15281,Vin,9.0,31,3.4444444444444446,467.79,couverture_3_a_6_mois
4731,8344,Vin,12.0,42,3.5,463.26,couverture_3_a_6_mois
4153,16237,Vin,9.0,30,3.3333333333333335,453.90000000000003,couverture_3_a_6_mois
4156,14941,Vin,13.0,44,3.3846153846153846,453.20000000000005,couverture_3_a_6_mois
4912,15612,Vin,10.0,34,3.4,441.32,couverture_3_a_6_mois
4925,16277,Vin,11.0,38,3.4545454545454546,432.82000000000005,couverture_3_a_6_mois
4940,15337,Vin,12.0,39,3.25,429.78,couverture_3_a_6_mois
5802,15399,Vin,11.0,34,3.090909090909091,426.35999999999996,couverture_3_a_6_mois
4240,15436,Vin,9.0,29,3.2222222222222223,419.63,couverture_3_a_6_mois
4703,15465,Vin,12.0,42,3.5,408.24,couverture_3_a_6_mois
5443,14809,Vin,10.0,32,3.2,401.92,couverture_3_a_6_mois
6205,16565,Vin,11.0,38,3.4545454545454546,400.52,couverture_3_a_6_mois
4907,14374,Vin,10.0,32,3.2,397.44,couverture_3_a_6_mois
4070,15444,Vin,10.0,32,3.2,390.72,couverture_3_a_6_mois
5377,15677,Vin,12.0,39,3.25,390.39,couverture_3_a_6_mois
5000,15868,Vin,8.0,26,3.25,377.78,couverture_3_a_6_mois
4288,15292,Vin,8.0,26,3.25,376.48,couverture_3_a_6_mois
4235,13905,Vin,13.0,41,3.1538461538461537,369.40999999999997,couverture_3_a_6_mois
5906,15857,Vin,11.0,38,3.4545454545454546,369.36,couverture_3_a_6_mois
4182,15747,Vin,13.0,43,3.3076923076923075,363.78000000000003,couverture_3_a_6_mois
6073,15951,Vin,9.0,29,3.2222222222222223,359.89,couverture_3_a_6_mois
4262,15663,Vin,13.0,43,3.3076923076923075,358.19,couverture_3_a_6_mois
4277,14865,Vin,9.0,28,3.111111111111111,355.32,couverture_3_a_6_mois
4280,15690,Vin,12.0,37,3.0833333333333335,354.09000000000003,couverture_3_a_6_mois
6618,15539,Vin,14.0,49,3.5,351.82,couverture_3_a_6_mois
6592,15764,Vin,9.0,29,3.2222222222222223,350.9,couverture_3_a_6_mois
5806,13567,Vin,13.0,39,3.0,350.61,couverture_3_a_6_mois
5382,16011,Vin,10.0,30,3.0,346.2,couverture_3_a_6_mois
6093,15487,Vin,15.0,51,3.4,342.21,couverture_3_a_6_mois
6738,8193,Vin,12.0,42,3.5,341.03999999999996,couverture_3_a_6_mois
4297,16246,Vin,10.0,33,3.3,340.23,couverture_3_a_6_mois
4934,15554,Vin,9.0,28,3.111111111111111,334.03999999999996,couverture_3_a_6_mois
5375,15755,Vin,12.0,41,3.4166666666666665,331.69,couverture_3_a_6_mois
4892,15952,Vin,9.0,30,3.3333333333333335,327.0,couverture_3_a_6_mois
6049,14899,Vin,9.0,30,3.3333333333333335,324.3,couverture_3_a_6_mois
7338,16230,Vin,13.0,40,3.076923076923077,320.0,couverture_3_a_6_mois
4733,15576,Vin,11.0,38,3.4545454545454546,319.96,couverture_3_a_6_mois
4752,14184,Vin,7.0,23,3.2857142857142856,314.87,couverture_3_a_6_mois
4914,15613,Vin,7.0,24,3.4285714285714284,311.52,couverture_3_a_6_mois
5444,15155,Vin,13.0,40,3.076923076923077,307.6,couverture_3_a_6_mois
5439,15649,Vin,14.0,46,3.2857142857142856,307.28,couverture_3_a_6_mois
4621,15849,Vin,12.0,36,3.0,307.08,couverture_3_a_6_mois
4954,bon-cadeau-25-euros,,7.0,23,3.2857142857142856,305.90000000000003,couverture_3_a_6_mois
4204,15414,Vin,15.0,50,3.3333333333333335,298.0,couverture_3_a_6_mois
5397,12496,Vin,8.0,24,3.0,297.6,couverture_3_a_6_mois
4665,15404,Vin,13.0,39,3.0,296.01,couverture_3_a_6_mois
4723,15879,Vin,6.0,19,3.1666666666666665,293.17,couverture_3_a_6_mois
4607,15146,Vin,12.0,41,3.4166666666666665,292.33,couverture_3_a_6_mois
5704,15036,Vin,11.0,35,3.1818181818181817,290.5,couverture_3_a_6_mois
5484,15756,Vin,8.0,25,3.125,290.25,couverture_3_a_6_mois
4192,15605,Vin,10.0,32,3.2,285.44,couverture_3_a_6_mois
4248,15033,Vin,12.0,38,3.1666666666666665,284.62,couverture_3_a_6_mois
5890,15775,Vin,9.0,29,3.2222222222222223,283.33,couverture_3_a_6_mois
4066,15967,Vin,8.0,27,3.375,281.34,couverture_3_a_6_mois
4075,16069,Vin,10.0,35,3.5,278.95,couverture_3_a_6_mois
4704,15004,Vin,9.0,30,3.3333333333333335,276.6,couverture_3_a_6_mois
4306,15949,Vin,15.0,52,3.466666666666667,276.12,couverture_3_a_6_mois
4757,14680,Vin,7.0,21,3.0,273.21,couverture_3_a_6_mois
4221,15829,Vin,13.0,42,3.230769230769231,272.16,couverture_3_a_6_mois
4084,16014,Vin,7.0,23,3.2857142857142856,267.49,couverture_3_a_6_mois
4181,16560,Vin,13.0,43,3.3076923076923075,267.03,couverture_3_a_6_mois
6225,15162,Vin,8.0,26,3.25,265.72,couverture_3_a_6_mois
4085,16462,Vin,8.0,27,3.375,265.14,couverture_3_a_6_mois
4095,16120,Vin,13.0,42,3.230769230769231,265.02,couverture_3_a_6_mois
6221,16096,Vin,7.0,22,3.142857142857143,264.44,couverture_3_a_6_mois
6616,15781,Vin,11.0,33,3.0,260.04,couverture_3_a_6_mois
4748,14632,Vin,11.0,35,3.1818181818181817,259.7,couverture_3_a_6_mois
4244,15770,Vin,13.0,39,3.0,258.57,couverture_3_a_6_mois
4188,16265,Vin,16.0,51,3.1875,258.06,couverture_3_a_6_mois
5960,15892,Vin,12.0,40,3.3333333333333335,254.4,couverture_3_a_6_mois
6128,14569,Vin,13.0,45,3.4615384615384617,253.79999999999998,couverture_3_a_6_mois
4067,15490,Vin,7.0,22,3.142857142857143,250.14,couverture_3_a_6_mois
4159,15668,Vin,15.0,51,3.4,249.9,couverture_3_a_6_mois
4865,16274,Vin,15.0,48,3.2,247.68,couverture_3_a_6_mois
4749,15315,Vin,12.0,38,3.1666666666666665,245.48,couverture_3_a_6_mois
4064,15966,Vin,10.0,32,3.2,245.12,couverture_3_a_6_mois
4183,15746,Vin,7.0,23,3.2857142857142856,244.02999999999997,couverture_3_a_6_mois
4707,15466,Vin,7.0,21,3.0,242.33999999999997,couverture_3_a_6_mois
4056,16029,Vin,11.0,38,3.4545454545454546,241.68,couverture_3_a_6_mois
4261,15662,Vin,15.0,48,3.2,240.48,couverture_3_a_6_mois
4155,14944,Vin,10.0,33,3.3,239.91,couverture_3_a_6_mois
4674,16056,Vin,7.0,24,3.4285714285714284,237.84,couverture_3_a_6_mois
4614,15875,Vin,7.0,23,3.2857142857142856,237.13000000000002,couverture_3_a_6_mois
4246,15428,Vin,9.0,29,3.2222222222222223,236.06,couverture_3_a_6_mois
5736,15116,Vin,10.0,32,3.2,233.92,couverture_3_a_6_mois
6665,16068,Vin,5.0,16,3.2,233.6,couverture_3_a_6_mois
4157,14751,Vin,12.0,36,3.0,232.20000000000002,couverture_3_a_6_mois
5446,16328,Vin,9.0,28,3.111111111111111,232.11999999999998,couverture_3_a_6_mois
5696,15797,Vin,7.0,24,3.4285714285714284,227.76,couverture_3_a_6_mois
4097,15675,Vin,11.0,35,3.1818181818181817,226.8,couverture_3_a_6_mois
5705,15360,Vin,7.0,23,3.2857142857142856,225.86,couverture_3_a_6_mois
5963,15574,Vin,10.0,34,3.4,225.42,couverture_3_a_6_mois
4669,16053,Vin,7.0,21,3.0,223.65,couverture_3_a_6_mois
4734,16138,Vin,8.0,27,3.375,221.94000000000003,couverture_3_a_6_mois
4863,16255,Vin,16.0,54,3.375,221.94000000000003,couverture_3_a_6_mois
4610,15801,Vin,10.0,34,3.4,221.0,couverture_3_a_6_mois
4929,15927,Vin,8.0,26,3.25,215.27999999999997,couverture_3_a_6_mois
4780,13096,Vin,10.0,32,3.2,215.04,couverture_3_a_6_mois
4222,15759,Vin,14.0,45,3.2142857142857144,213.3,couverture_3_a_6_mois
6280,15654,Vin,11.0,38,3.4545454545454546,210.14000000000001,couverture_3_a_6_mois
4161,15375,Vin,12.0,36,3.0,209.16,couverture_3_a_6_mois
4232,16269,Vin,12.0,37,3.0833333333333335,207.94,couverture_3_a_6_mois
4096,15564,Vin,6.0,18,3.0,207.71999999999997,couverture_3_a_6_mois
5903,14099,Vin,5.0,15,3.0,207.3,couverture_3_a_6_mois
4601,16151,Vin,7.0,24,3.4285714285714284,205.68,couverture_3_a_6_mois
5547,13959,Vin,5.0,16,3.2,203.36,couverture_3_a_6_mois
5760,11258,Huile d'olive,7.0,24,3.4285714285714284,202.32,couverture_3_a_6_mois
4899,16062,Vin,6.0,18,3.0,201.06,couverture_3_a_6_mois
4791,14599,Vin,8.0,27,3.375,199.26,couverture_3_a_6_mois
5479,16305,Vin,12.0,38,3.1666666666666665,196.08,couverture_3_a_6_mois
4727,16540,Vin,5.0,15,3.0,193.5,couverture_3_a_6_mois
5628,12366,Vin,5.0,15,3.0,191.85,couverture_3_a_6_mois
5693,15812,Vin,9.0,29,3.2222222222222223,189.07999999999998,couverture_3_a_6_mois
4304,15120,Vin,14.0,45,3.2142857142857144,188.55,couverture_3_a_6_mois
5900,12869,Vin,7.0,21,3.0,188.16000000000003,couverture_3_a_6_mois
4062,16320,Vin,9.0,30,3.3333333333333335,188.1,couverture_3_a_6_mois
5477,15526,Vin,6.0,18,3.0,187.74,couverture_3_a_6_mois
5379,14561,Vin,11.0,33,3.0,187.44,couverture_3_a_6_mois
4755,16132,Vin,14.0,47,3.357142857142857,187.06,couverture_3_a_6_mois
6129,14570,Vin,20.0,68,3.4,186.32000000000002,couverture_3_a_6_mois
4058,16318,Vin,13.0,39,3.0,184.07999999999998,couverture_3_a_6_mois
5772,15180,Vin,4.0,12,3.0,180.48,couverture_3_a_6_mois
6635,15763,Vin,5.0,16,3.2,175.84,couverture_3_a_6_mois
6887,15736,Vin,5.0,15,3.0,175.65,couverture_3_a_6_mois
4673,16057,Vin,5.0,17,3.4,175.61,couverture_3_a_6_mois
4101,14905,Vin,7.0,21,3.0,174.93,couverture_3_a_6_mois
4675,13762,Vin,9.0,31,3.4444444444444446,174.84,couverture_3_a_6_mois
4160,15373,Vin,11.0,36,3.272727272727273,174.6,couverture_3_a_6_mois
4187,16189,Vin,8.0,26,3.25,173.42,couverture_3_a_6_mois
6617,16031,Vin,11.0,33,3.0,172.26,couverture_3_a_6_mois
4799,15811,Vin,7.0,23,3.2857142857142856,169.97,couverture_3_a_6_mois
4151,15140,Vin,7.0,23,3.2857142857142856,169.28,couverture_3_a_6_mois
4686,16324,Vin,7.0,23,3.2857142857142856,168.13,couverture_3_a_6_mois
5807,15471,Vin,4.0,12,3.0,165.84,couverture_3_a_6_mois
4682,15575,Vin,11.0,34,3.090909090909091,164.56,couverture_3_a_6_mois
4227,15261,Vin,8.0,24,3.0,162.48,couverture_3_a_6_mois
4740,13412,Vin,9.0,31,3.4444444444444446,161.51,couverture_3_a_6_mois
4789,15316,Vin,8.0,27,3.375,160.92,couverture_3_a_6_mois
5794,14692,Vin,5.0,15,3.0,159.75,couverture_3_a_6_mois
5753,16147,Vin,10.0,31,3.1,155.31,couverture_3_a_6_mois
5777,14338,Vin,16.0,51,3.1875,154.53,couverture_3_a_6_mois
5394,15462,Vin,9.0,29,3.2222222222222223,152.25,couverture_3_a_6_mois
4924,16276,Vin,7.0,24,3.4285714285714284,150.72,couverture_3_a_6_mois
4939,15338,Vin,7.0,23,3.2857142857142856,150.19,couverture_3_a_6_mois
4779,14300,Vin,11.0,36,3.272727272727273,146.52,couverture_3_a_6_mois
4776,14302,Vin,12.0,42,3.5,146.16,couverture_3_a_6_mois
4173,16211,Vin,15.0,49,3.2666666666666666,145.53,couverture_3_a_6_mois
4963,15958,Vin,13.0,41,3.1538461538461537,141.04,couverture_3_a_6_mois
5737,15369,Vin,8.0,25,3.125,139.25,couverture_3_a_6_mois
4860,16292,Vin,9.0,29,3.2222222222222223,134.27,couverture_3_a_6_mois
4208,16024,Vin,10.0,35,3.5,131.95,couverture_3_a_6_mois
4927,15425,Vin,13.0,39,3.0,128.31,couverture_3_a_6_mois
4245,16097,Vin,9.0,27,3.0,126.63000000000001,couverture_3_a_6_mois
4170,15786,Vin,9.0,28,3.111111111111111,126.28,couverture_3_a_6_mois
4174,16209,Vin,13.0,43,3.3076923076923075,125.56,couverture_3_a_6_mois
6930,16135,Vin,9.0,28,3.111111111111111,121.52,couverture_3_a_6_mois
4739,14366,Vin,9.0,30,3.3333333333333335,112.5,couverture_3_a_6_mois
5383,3383,Vin,3.0,10,3.3333333333333335,101.8,couverture_3_a_6_mois
5779,16213,Vin,9.0,30,3.3333333333333335,86.39999999999999,couverture_3_a_6_mois
5739,16003,Vin,4.0,13,3.25,71.89,couverture_3_a_6_mois
4788,15731,Vin,3.0,10,3.3333333333333335,62.9,couverture_3_a_6_mois
6072,16028,Vin,1.0,3,3.0,21.09,couverture_3_a_6_mois
5913,10014,Gin,10.0,7,0.7,120.12,couverture_lt_1_mois
3850,15300,Vin,0.0,0,,0.0,ni_stock_ni_vente
4043,14980,Vin,0.0,0,,0.0,ni_stock_ni_vente
4047,14977,Vin,0.0,0,,0.0,ni_stock_ni_vente
4051,16045,Vin,0.0,0,,0.0,ni_stock_ni_vente
4052,16030,Vin,0.0,0,,0.0,ni_stock_ni_vente
4065,15022,Vin,0.0,0,,0.0,ni_stock_ni_vente
4079,13078,Vin,0.0,0,,0.0,ni_stock_ni_vente
4100,13416,Vin,0.0,0,,0.0,ni_stock_ni_vente
4138,15341,Vin,0.0,0,,0.0,ni_stock_ni_vente
4196,13032,Vin,0.0,0,,0.0,ni_stock_ni_vente
4198,16322,Vin,0.0,0,,0.0,ni_stock_ni_vente
4396,9636,Whisky,0.0,0,,0.0,ni_stock_ni_vente
4606,15149,Vin,0.0,0,,0.0,ni_stock_ni_vente
4618,14372,Vin,0.0,0,,0.0,ni_stock_ni_vente
4876,16289,Vin,0.0,0,,0.0,ni_stock_ni_vente
4923,15928,Vin,0.0,0,,0.0,ni_stock_ni_vente
5384,14149,Vin,0.0,0,,0.0,ni_stock_ni_vente
5544,14828,Vin,0.0,0,,0.0,ni_stock_ni_vente
5707,13557,Vin,0.0,0,,0.0,ni_stock_ni_vente
5712,14241,Vin,0.0,0,,0.0,ni_stock_ni_vente
6038,15318,Vin,0.0,0,,0.0,ni_stock_ni_vente
6301,15745,Vin,0.0,0,,0.0,ni_stock_ni_vente
5700,14736,Vin,8.0,-1,,,quarantaine
4179,16166,Vin,6.0,0,0.0,0.0,rupture_potentielle
4241,14725,Vin,15.0,0,0.0,0.0,rupture_potentielle
4256,14253,Vin,9.0,0,0.0,0.0,rupture_potentielle
4274,12942,Vin,8.0,0,0.0,0.0,rupture_potentielle
4283,16154,Vin,8.0,0,0.0,0.0,rupture_potentielle
4352,15940,Champagne,11.0,0,0.0,0.0,rupture_potentielle
4612,15038,Vin,5.0,0,0.0,0.0,rupture_potentielle
4636,2361,Vin,4.0,0,0.0,0.0,rupture_potentielle
4706,15349,Vin,10.0,0,0.0,0.0,rupture_potentielle
4726,14950,Vin,22.0,0,0.0,0.0,rupture_potentielle
4858,16342,Vin,5.0,0,0.0,0.0,rupture_potentielle
4870,16149,Vin,16.0,0,0.0,0.0,rupture_potentielle
4885,14981,Vin,10.0,0,0.0,0.0,rupture_potentielle
4976,16005,Vin,7.0,0,0.0,0.0,rupture_potentielle
5487,16129,Vin,9.0,0,0.0,0.0,rupture_potentielle
5565,19822,Vin,1.0,0,0.0,0.0,rupture_potentielle
5617,14844,Vin,9.0,0,0.0,0.0,rupture_potentielle
5709,15035,Vin,5.0,0,0.0,0.0,rupture_potentielle
5930,16323,Vin,14.0,0,0.0,0.0,rupture_potentielle
6050,15134,Vin,6.0,0,0.0,0.0,rupture_potentielle
6299,15710,Vin,4.0,0,0.0,0.0,rupture_potentielle
6632,15794,Vin,2.0,0,0.0,0.0,rupture_potentielle
4355,12589,Champagne,0.0,97,,7515.56,stock_sans_vente_octobre
4337,4679,Champagne,0.0,145,,7090.5,stock_sans_vente_octobre
5932,523,Cognac,0.0,13,,353.34,stock_sans_vente_octobre
4353,12587,Champagne,14.0,127,9.071428571428571,5830.57,surstock_6_a_12_mois
5026,13913,Champagne,9.0,101,11.222222222222221,5063.13,surstock_6_a_12_mois
4358,13854,Champagne,8.0,81,10.125,3819.9599999999996,surstock_6_a_12_mois
5001,14581,Vin,2.0,18,9.0,2103.66,surstock_6_a_12_mois
5047,531,Champagne,8.0,76,9.5,1047.28,surstock_6_a_12_mois
6216,15070,Vin,2.0,14,7.0,840.2800000000001,surstock_6_a_12_mois
4115,15382,Vin,1.0,12,12.0,632.4000000000001,surstock_6_a_12_mois
4903,14805,Vin,2.0,12,6.0,621.5999999999999,surstock_6_a_12_mois
5892,14983,Champagne,6.0,98,16.333333333333332,11373.880000000001,surstock_gt_12_mois
6126,14923,Champagne,5.0,138,27.6,11085.539999999999,surstock_gt_12_mois
5025,13914,Champagne,6.0,136,22.666666666666668,9329.599999999999,surstock_gt_12_mois
4350,12588,Champagne,7.0,145,20.714285714285715,6858.5,surstock_gt_12_mois
4359,13853,Champagne,7.0,112,16.0,5816.16,surstock_gt_12_mois
4150,1366,Champagne,6.0,123,20.5,4360.35,surstock_gt_12_mois
4348,12586,Champagne,5.0,125,25.0,4345.0,surstock_gt_12_mois
4334,7818,Champagne,7.0,142,20.285714285714285,4261.42,surstock_gt_12_mois
4149,7086,Champagne,5.0,101,20.2,4065.25,surstock_gt_12_mois
4142,11641,Champagne,4.0,125,31.25,4018.75,surstock_gt_12_mois
4141,304,Champagne,8.0,123,15.375,3057.7799999999997,surstock_gt_12_mois
5027,11997,Champagne,6.0,79,13.166666666666666,3005.16,surstock_gt_12_mois
4970,11225,Champagne,6.0,100,16.666666666666668,2859.0,surstock_gt_12_mois
5024,11996,Champagne,6.0,103,17.166666666666668,2785.12,surstock_gt_12_mois
4357,9562,Champagne,5.0,115,23.0,2564.5,surstock_gt_12_mois
4144,1662,Champagne,4.0,91,22.75,2523.43,surstock_gt_12_mois
4356,12585,Champagne,3.0,81,27.0,2511.0,surstock_gt_12_mois
4147,15648,Champagne,8.0,100,12.5,1848.0,surstock_gt_12_mois
4148,1364,Champagne,3.0,71,23.666666666666668,1553.48,surstock_gt_12_mois
4336,13599,Champagne,6.0,73,12.166666666666666,1541.76,surstock_gt_12_mois
4146,1360,Champagne,6.0,86,14.333333333333334,1509.3,surstock_gt_12_mois
5761,13849,Huile d'olive,10.0,125,12.5,1508.75,surstock_gt_12_mois
5612,14915,Vin,1.0,19,19.0,1261.79,surstock_gt_12_mois
4582,12857,Vin,1.0,18,18.0,968.4,surstock_gt_12_mois
