rule_id,source,key,column,raw_value,severity,category,description,action
erp_price_non_positive,ERP,4233,price,-20.0,critical,erreur_certaine,"Un prix de vente nul, négatif ou absent n'est pas exploitable.",Mettre en quarantaine; ne pas appliquer de valeur absolue.
erp_price_non_positive,ERP,5017,price,-8.0,critical,erreur_certaine,"Un prix de vente nul, négatif ou absent n'est pas exploitable.",Mettre en quarantaine; ne pas appliquer de valeur absolue.
erp_price_non_positive,ERP,6594,price,-9.1,critical,erreur_certaine,"Un prix de vente nul, négatif ou absent n'est pas exploitable.",Mettre en quarantaine; ne pas appliquer de valeur absolue.
web_product_sku_missing,WEB,,sku_raw,,critical,erreur_certaine,Une ligne produit sans SKU ne peut pas être rapprochée.,Compléter le SKU; exclure du rapprochement sans imputation inventée.
web_product_sku_missing,WEB,,sku_raw,,critical,erreur_certaine,Une ligne produit sans SKU ne peut pas être rapprochée.,Compléter le SKU; exclure du rapprochement sans imputation inventée.
web_sales_invalid,WEB,,total_sales,-56.0,critical,erreur_certaine,Les ventes d'octobre doivent être renseignées et non négatives.,Mettre en quarantaine pour le calcul du chiffre d'affaires.
web_sales_invalid,WEB,,total_sales,-17.0,critical,erreur_certaine,Les ventes d'octobre doivent être renseignées et non négatives.,Mettre en quarantaine pour le calcul du chiffre d'affaires.
erp_marked_online_but_web_missing,RAPPROCHEMENT,4594,id_web,,high,anomalie_probable,Référence marquée en vente en ligne dans l'ERP mais absente des produits Web rapprochés.,Contrôler la publication Web et le mapping.
erp_marked_online_but_web_missing,RAPPROCHEMENT,5070,id_web,,high,anomalie_probable,Référence marquée en vente en ligne dans l'ERP mais absente des produits Web rapprochés.,Contrôler la publication Web et le mapping.
erp_marked_online_but_web_missing,RAPPROCHEMENT,5075,id_web,,high,anomalie_probable,Référence marquée en vente en ligne dans l'ERP mais absente des produits Web rapprochés.,Contrôler la publication Web et le mapping.
erp_stock_negative,ERP,4973,stock_quantity,-10,high,anomalie_probable,"Stock négatif à confirmer: correction, reliquat ou convention ERP possible.",Conserver brut et exclure des agrégats de stock jusqu'à revue métier.
erp_stock_negative,ERP,5700,stock_quantity,-1,high,anomalie_probable,"Stock négatif à confirmer: correction, reliquat ou convention ERP possible.",Conserver brut et exclure des agrégats de stock jusqu'à revue métier.
margin_negative,ANALYSE,4355,purchase_price,77.48,high,anomalie_probable,Prix d'achat supérieur au prix de vente HT sous hypothèse de TVA à 20 %.,"Confirmer unité, saisie du coût et définition de la TVA avant décision."
web_product_attachment_sales_mismatch,WEB,1366,sales_pair,product=6.0; attachment=116.0,high,anomalie_probable,Les lignes produit et pièce jointe portent des ventes différentes pour le même SKU.,Sélectionner explicitement post_type='product'; ne pas dédupliquer selon l'ordre.
web_product_attachment_sales_mismatch,WEB,14561,sales_pair,product=11.0; attachment=111.0,high,anomalie_probable,Les lignes produit et pièce jointe portent des ventes différentes pour le même SKU.,Sélectionner explicitement post_type='product'; ne pas dédupliquer selon l'ordre.
web_product_attachment_sales_mismatch,WEB,14950,sales_pair,product=22.0; attachment=122.0,high,anomalie_probable,Les lignes produit et pièce jointe portent des ventes différentes pour le même SKU.,Sélectionner explicitement post_type='product'; ne pas dédupliquer selon l'ordre.
web_product_attachment_sales_mismatch,WEB,15346,sales_pair,product=2.0; attachment=22.0,high,anomalie_probable,Les lignes produit et pièce jointe portent des ventes différentes pour le même SKU.,Sélectionner explicitement post_type='product'; ne pas dédupliquer selon l'ordre.
web_sales_while_erp_offline,RAPPROCHEMENT,4200,total_sales,14.0,high,anomalie_probable,Des ventes Web existent alors que l'ERP marque le produit hors ligne.,Contrôler la synchronisation des statuts ERP/Web.
price_high_mad,ANALYSE,4115,price,100.0,info,inhabituel_plausible,Prix élevé selon le z-score modifié MAD; un vin premium peut rester parfaitement valide.,Revue métier priorisée; aucune correction ou exclusion automatique.
price_high_mad,ANALYSE,4132,price,88.4,info,inhabituel_plausible,Prix élevé selon le z-score modifié MAD; un vin premium peut rester parfaitement valide.,Revue métier priorisée; aucune correction ou exclusion automatique.
price_high_mad,ANALYSE,4337,price,83.0,info,inhabituel_plausible,Prix élevé selon le z-score modifié MAD; un vin premium peut rester parfaitement valide.,Revue métier priorisée; aucune correction ou exclusion automatique.
price_high_mad,ANALYSE,4352,price,225.0,info,inhabituel_plausible,Prix élevé selon le z-score modifié MAD; un vin premium peut rester parfaitement valide.,Revue métier priorisée; aucune correction ou exclusion automatique.
price_high_mad,ANALYSE,4359,price,85.6,info,inhabituel_plausible,Prix élevé selon le z-score modifié MAD; un vin premium peut rester parfaitement valide.,Revue métier priorisée; aucune correction ou exclusion automatique.
price_high_mad,ANALYSE,4402,price,176.0,info,inhabituel_plausible,Prix élevé selon le z-score modifié MAD; un vin premium peut rester parfaitement valide.,Revue métier priorisée; aucune correction ou exclusion automatique.
price_high_mad,ANALYSE,4404,price,108.5,info,inhabituel_plausible,Prix élevé selon le z-score modifié MAD; un vin premium peut rester parfaitement valide.,Revue métier priorisée; aucune correction ou exclusion automatique.
price_high_mad,ANALYSE,4406,price,157.0,info,inhabituel_plausible,Prix élevé selon le z-score modifié MAD; un vin premium peut rester parfaitement valide.,Revue métier priorisée; aucune correction ou exclusion automatique.
price_high_mad,ANALYSE,4407,price,104.0,info,inhabituel_plausible,Prix élevé selon le z-score modifié MAD; un vin premium peut rester parfaitement valide.,Revue métier priorisée; aucune correction ou exclusion automatique.
price_high_mad,ANALYSE,4582,price,109.6,info,inhabituel_plausible,Prix élevé selon le z-score modifié MAD; un vin premium peut rester parfaitement valide.,Revue métier priorisée; aucune correction ou exclusion automatique.
price_high_mad,ANALYSE,4903,price,102.3,info,inhabituel_plausible,Prix élevé selon le z-score modifié MAD; un vin premium peut rester parfaitement valide.,Revue métier priorisée; aucune correction ou exclusion automatique.
price_high_mad,ANALYSE,4904,price,137.0,info,inhabituel_plausible,Prix élevé selon le z-score modifié MAD; un vin premium peut rester parfaitement valide.,Revue métier priorisée; aucune correction ou exclusion automatique.
price_high_mad,ANALYSE,5001,price,217.5,info,inhabituel_plausible,Prix élevé selon le z-score modifié MAD; un vin premium peut rester parfaitement valide.,Revue métier priorisée; aucune correction ou exclusion automatique.
price_high_mad,ANALYSE,5007,price,105.0,info,inhabituel_plausible,Prix élevé selon le z-score modifié MAD; un vin premium peut rester parfaitement valide.,Revue métier priorisée; aucune correction ou exclusion automatique.
price_high_mad,ANALYSE,5008,price,105.0,info,inhabituel_plausible,Prix élevé selon le z-score modifié MAD; un vin premium peut rester parfaitement valide.,Revue métier priorisée; aucune correction ou exclusion automatique.
price_high_mad,ANALYSE,5025,price,112.0,info,inhabituel_plausible,Prix élevé selon le z-score modifié MAD; un vin premium peut rester parfaitement valide.,Revue métier priorisée; aucune correction ou exclusion automatique.
price_high_mad,ANALYSE,5026,price,86.8,info,inhabituel_plausible,Prix élevé selon le z-score modifié MAD; un vin premium peut rester parfaitement valide.,Revue métier priorisée; aucune correction ou exclusion automatique.
price_high_mad,ANALYSE,5565,price,92.0,info,inhabituel_plausible,Prix élevé selon le z-score modifié MAD; un vin premium peut rester parfaitement valide.,Revue métier priorisée; aucune correction ou exclusion automatique.
price_high_mad,ANALYSE,5580,price,83.7,info,inhabituel_plausible,Prix élevé selon le z-score modifié MAD; un vin premium peut rester parfaitement valide.,Revue métier priorisée; aucune correction ou exclusion automatique.
price_high_mad,ANALYSE,5612,price,124.8,info,inhabituel_plausible,Prix élevé selon le z-score modifié MAD; un vin premium peut rester parfaitement valide.,Revue métier priorisée; aucune correction ou exclusion automatique.
price_high_mad,ANALYSE,5767,price,175.0,info,inhabituel_plausible,Prix élevé selon le z-score modifié MAD; un vin premium peut rester parfaitement valide.,Revue métier priorisée; aucune correction ou exclusion automatique.
price_high_mad,ANALYSE,5892,price,191.3,info,inhabituel_plausible,Prix élevé selon le z-score modifié MAD; un vin premium peut rester parfaitement valide.,Revue métier priorisée; aucune correction ou exclusion automatique.
price_high_mad,ANALYSE,5916,price,93.0,info,inhabituel_plausible,Prix élevé selon le z-score modifié MAD; un vin premium peut rester parfaitement valide.,Revue métier priorisée; aucune correction ou exclusion automatique.
price_high_mad,ANALYSE,5917,price,122.0,info,inhabituel_plausible,Prix élevé selon le z-score modifié MAD; un vin premium peut rester parfaitement valide.,Revue métier priorisée; aucune correction ou exclusion automatique.
price_high_mad,ANALYSE,5918,price,114.0,info,inhabituel_plausible,Prix élevé selon le z-score modifié MAD; un vin premium peut rester parfaitement valide.,Revue métier priorisée; aucune correction ou exclusion automatique.
price_high_mad,ANALYSE,6126,price,135.0,info,inhabituel_plausible,Prix élevé selon le z-score modifié MAD; un vin premium peut rester parfaitement valide.,Revue métier priorisée; aucune correction ou exclusion automatique.
price_high_mad,ANALYSE,6201,price,105.6,info,inhabituel_plausible,Prix élevé selon le z-score modifié MAD; un vin premium peut rester parfaitement valide.,Revue métier priorisée; aucune correction ou exclusion automatique.
price_high_mad,ANALYSE,6202,price,116.4,info,inhabituel_plausible,Prix élevé selon le z-score modifié MAD; un vin premium peut rester parfaitement valide.,Revue métier priorisée; aucune correction ou exclusion automatique.
price_high_mad,ANALYSE,6212,price,115.0,info,inhabituel_plausible,Prix élevé selon le z-score modifié MAD; un vin premium peut rester parfaitement valide.,Revue métier priorisée; aucune correction ou exclusion automatique.
price_high_mad,ANALYSE,6213,price,121.0,info,inhabituel_plausible,Prix élevé selon le z-score modifié MAD; un vin premium peut rester parfaitement valide.,Revue métier priorisée; aucune correction ou exclusion automatique.
price_high_mad,ANALYSE,6214,price,99.0,info,inhabituel_plausible,Prix élevé selon le z-score modifié MAD; un vin premium peut rester parfaitement valide.,Revue métier priorisée; aucune correction ou exclusion automatique.
price_high_mad,ANALYSE,6215,price,115.0,info,inhabituel_plausible,Prix élevé selon le z-score modifié MAD; un vin premium peut rester parfaitement valide.,Revue métier priorisée; aucune correction ou exclusion automatique.
price_high_mad,ANALYSE,6216,price,121.0,info,inhabituel_plausible,Prix élevé selon le z-score modifié MAD; un vin premium peut rester parfaitement valide.,Revue métier priorisée; aucune correction ou exclusion automatique.
web_blank_export_rows,WEB,*,post_type,83,low,anomalie_probable,L'export contient des lignes sans type ni attribut produit utile.,Vérifier le paramétrage d'export; elles ne sont pas assimilées à des produits.
erp_stock_status_inconsistent,ERP,4039,stock_status,outofstock,medium,anomalie_probable,Le statut ne correspond pas à la règle quantité zéro / quantité positive.,Confirmer la règle métier et la synchronisation de l'ERP.
erp_stock_status_inconsistent,ERP,4885,stock_status,instock,medium,anomalie_probable,Le statut ne correspond pas à la règle quantité zéro / quantité positive.,Confirmer la règle métier et la synchronisation de l'ERP.
liaison_id_web_missing,LIAISON,4055,id_web_raw,,medium,anomalie_probable,Référence ERP sans identifiant Web; peut correspondre à un produit hors ligne.,Confirmer le périmètre et compléter le mapping si le produit doit être vendu en ligne.
liaison_id_web_missing,LIAISON,4090,id_web_raw,,medium,anomalie_probable,Référence ERP sans identifiant Web; peut correspondre à un produit hors ligne.,Confirmer le périmètre et compléter le mapping si le produit doit être vendu en ligne.
liaison_id_web_missing,LIAISON,4092,id_web_raw,,medium,anomalie_probable,Référence ERP sans identifiant Web; peut correspondre à un produit hors ligne.,Confirmer le périmètre et compléter le mapping si le produit doit être vendu en ligne.
liaison_id_web_missing,LIAISON,4195,id_web_raw,,medium,anomalie_probable,Référence ERP sans identifiant Web; peut correspondre à un produit hors ligne.,Confirmer le périmètre et compléter le mapping si le produit doit être vendu en ligne.
liaison_id_web_missing,LIAISON,4209,id_web_raw,,medium,anomalie_probable,Référence ERP sans identifiant Web; peut correspondre à un produit hors ligne.,Confirmer le périmètre et compléter le mapping si le produit doit être vendu en ligne.
liaison_id_web_missing,LIAISON,4233,id_web_raw,,medium,anomalie_probable,Référence ERP sans identifiant Web; peut correspondre à un produit hors ligne.,Confirmer le périmètre et compléter le mapping si le produit doit être vendu en ligne.
liaison_id_web_missing,LIAISON,4278,id_web_raw,,medium,anomalie_probable,Référence ERP sans identifiant Web; peut correspondre à un produit hors ligne.,Confirmer le périmètre et compléter le mapping si le produit doit être vendu en ligne.
liaison_id_web_missing,LIAISON,4279,id_web_raw,,medium,anomalie_probable,Référence ERP sans identifiant Web; peut correspondre à un produit hors ligne.,Confirmer le périmètre et compléter le mapping si le produit doit être vendu en ligne.
liaison_id_web_missing,LIAISON,4565,id_web_raw,,medium,anomalie_probable,Référence ERP sans identifiant Web; peut correspondre à un produit hors ligne.,Confirmer le périmètre et compléter le mapping si le produit doit être vendu en ligne.
liaison_id_web_missing,LIAISON,4577,id_web_raw,,medium,anomalie_probable,Référence ERP sans identifiant Web; peut correspondre à un produit hors ligne.,Confirmer le périmètre et compléter le mapping si le produit doit être vendu en ligne.
liaison_id_web_missing,LIAISON,4578,id_web_raw,,medium,anomalie_probable,Référence ERP sans identifiant Web; peut correspondre à un produit hors ligne.,Confirmer le périmètre et compléter le mapping si le produit doit être vendu en ligne.
liaison_id_web_missing,LIAISON,4594,id_web_raw,,medium,anomalie_probable,Référence ERP sans identifiant Web; peut correspondre à un produit hors ligne.,Confirmer le périmètre et compléter le mapping si le produit doit être vendu en ligne.
liaison_id_web_missing,LIAISON,4599,id_web_raw,,medium,anomalie_probable,Référence ERP sans identifiant Web; peut correspondre à un produit hors ligne.,Confirmer le périmètre et compléter le mapping si le produit doit être vendu en ligne.
liaison_id_web_missing,LIAISON,4659,id_web_raw,,medium,anomalie_probable,Référence ERP sans identifiant Web; peut correspondre à un produit hors ligne.,Confirmer le périmètre et compléter le mapping si le produit doit être vendu en ligne.
liaison_id_web_missing,LIAISON,4692,id_web_raw,,medium,anomalie_probable,Référence ERP sans identifiant Web; peut correspondre à un produit hors ligne.,Confirmer le périmètre et compléter le mapping si le produit doit être vendu en ligne.
liaison_id_web_missing,LIAISON,4693,id_web_raw,,medium,anomalie_probable,Référence ERP sans identifiant Web; peut correspondre à un produit hors ligne.,Confirmer le périmètre et compléter le mapping si le produit doit être vendu en ligne.
liaison_id_web_missing,LIAISON,4697,id_web_raw,,medium,anomalie_probable,Référence ERP sans identifiant Web; peut correspondre à un produit hors ligne.,Confirmer le périmètre et compléter le mapping si le produit doit être vendu en ligne.
liaison_id_web_missing,LIAISON,4698,id_web_raw,,medium,anomalie_probable,Référence ERP sans identifiant Web; peut correspondre à un produit hors ligne.,Confirmer le périmètre et compléter le mapping si le produit doit être vendu en ligne.
liaison_id_web_missing,LIAISON,4702,id_web_raw,,medium,anomalie_probable,Référence ERP sans identifiant Web; peut correspondre à un produit hors ligne.,Confirmer le périmètre et compléter le mapping si le produit doit être vendu en ligne.
liaison_id_web_missing,LIAISON,4721,id_web_raw,,medium,anomalie_probable,Référence ERP sans identifiant Web; peut correspondre à un produit hors ligne.,Confirmer le périmètre et compléter le mapping si le produit doit être vendu en ligne.
liaison_id_web_missing,LIAISON,4738,id_web_raw,,medium,anomalie_probable,Référence ERP sans identifiant Web; peut correspondre à un produit hors ligne.,Confirmer le périmètre et compléter le mapping si le produit doit être vendu en ligne.
liaison_id_web_missing,LIAISON,4744,id_web_raw,,medium,anomalie_probable,Référence ERP sans identifiant Web; peut correspondre à un produit hors ligne.,Confirmer le périmètre et compléter le mapping si le produit doit être vendu en ligne.
liaison_id_web_missing,LIAISON,4798,id_web_raw,,medium,anomalie_probable,Référence ERP sans identifiant Web; peut correspondre à un produit hors ligne.,Confirmer le périmètre et compléter le mapping si le produit doit être vendu en ligne.
liaison_id_web_missing,LIAISON,4874,id_web_raw,,medium,anomalie_probable,Référence ERP sans identifiant Web; peut correspondre à un produit hors ligne.,Confirmer le périmètre et compléter le mapping si le produit doit être vendu en ligne.
liaison_id_web_missing,LIAISON,4911,id_web_raw,,medium,anomalie_probable,Référence ERP sans identifiant Web; peut correspondre à un produit hors ligne.,Confirmer le périmètre et compléter le mapping si le produit doit être vendu en ligne.
liaison_id_web_missing,LIAISON,4973,id_web_raw,,medium,anomalie_probable,Référence ERP sans identifiant Web; peut correspondre à un produit hors ligne.,Confirmer le périmètre et compléter le mapping si le produit doit être vendu en ligne.
liaison_id_web_missing,LIAISON,5017,id_web_raw,,medium,anomalie_probable,Référence ERP sans identifiant Web; peut correspondre à un produit hors ligne.,Confirmer le périmètre et compléter le mapping si le produit doit être vendu en ligne.
liaison_id_web_missing,LIAISON,5020,id_web_raw,,medium,anomalie_probable,Référence ERP sans identifiant Web; peut correspondre à un produit hors ligne.,Confirmer le périmètre et compléter le mapping si le produit doit être vendu en ligne.
liaison_id_web_missing,LIAISON,5070,id_web_raw,,medium,anomalie_probable,Référence ERP sans identifiant Web; peut correspondre à un produit hors ligne.,Confirmer le périmètre et compléter le mapping si le produit doit être vendu en ligne.
liaison_id_web_missing,LIAISON,5075,id_web_raw,,medium,anomalie_probable,Référence ERP sans identifiant Web; peut correspondre à un produit hors ligne.,Confirmer le périmètre et compléter le mapping si le produit doit être vendu en ligne.
liaison_id_web_missing,LIAISON,5560,id_web_raw,,medium,anomalie_probable,Référence ERP sans identifiant Web; peut correspondre à un produit hors ligne.,Confirmer le périmètre et compléter le mapping si le produit doit être vendu en ligne.
liaison_id_web_missing,LIAISON,5569,id_web_raw,,medium,anomalie_probable,Référence ERP sans identifiant Web; peut correspondre à un produit hors ligne.,Confirmer le périmètre et compléter le mapping si le produit doit être vendu en ligne.
liaison_id_web_missing,LIAISON,5805,id_web_raw,,medium,anomalie_probable,Référence ERP sans identifiant Web; peut correspondre à un produit hors ligne.,Confirmer le périmètre et compléter le mapping si le produit doit être vendu en ligne.
liaison_id_web_missing,LIAISON,5808,id_web_raw,,medium,anomalie_probable,Référence ERP sans identifiant Web; peut correspondre à un produit hors ligne.,Confirmer le périmètre et compléter le mapping si le produit doit être vendu en ligne.
liaison_id_web_missing,LIAISON,5952,id_web_raw,,medium,anomalie_probable,Référence ERP sans identifiant Web; peut correspondre à un produit hors ligne.,Confirmer le périmètre et compléter le mapping si le produit doit être vendu en ligne.
liaison_id_web_missing,LIAISON,6125,id_web_raw,,medium,anomalie_probable,Référence ERP sans identifiant Web; peut correspondre à un produit hors ligne.,Confirmer le périmètre et compléter le mapping si le produit doit être vendu en ligne.
liaison_id_web_missing,LIAISON,6324,id_web_raw,,medium,anomalie_probable,Référence ERP sans identifiant Web; peut correspondre à un produit hors ligne.,Confirmer le périmètre et compléter le mapping si le produit doit être vendu en ligne.
liaison_id_web_missing,LIAISON,6327,id_web_raw,,medium,anomalie_probable,Référence ERP sans identifiant Web; peut correspondre à un produit hors ligne.,Confirmer le périmètre et compléter le mapping si le produit doit être vendu en ligne.
liaison_id_web_missing,LIAISON,6594,id_web_raw,,medium,anomalie_probable,Référence ERP sans identifiant Web; peut correspondre à un produit hors ligne.,Confirmer le périmètre et compléter le mapping si le produit doit être vendu en ligne.
liaison_id_web_missing,LIAISON,6821,id_web_raw,,medium,anomalie_probable,Référence ERP sans identifiant Web; peut correspondre à un produit hors ligne.,Confirmer le périmètre et compléter le mapping si le produit doit être vendu en ligne.
liaison_id_web_missing,LIAISON,6824,id_web_raw,,medium,anomalie_probable,Référence ERP sans identifiant Web; peut correspondre à un produit hors ligne.,Confirmer le périmètre et compléter le mapping si le produit doit être vendu en ligne.
liaison_id_web_missing,LIAISON,6825,id_web_raw,,medium,anomalie_probable,Référence ERP sans identifiant Web; peut correspondre à un produit hors ligne.,Confirmer le périmètre et compléter le mapping si le produit doit être vendu en ligne.
liaison_id_web_missing,LIAISON,6826,id_web_raw,,medium,anomalie_probable,Référence ERP sans identifiant Web; peut correspondre à un produit hors ligne.,Confirmer le périmètre et compléter le mapping si le produit doit être vendu en ligne.
liaison_id_web_missing,LIAISON,6864,id_web_raw,,medium,anomalie_probable,Référence ERP sans identifiant Web; peut correspondre à un produit hors ligne.,Confirmer le périmètre et compléter le mapping si le produit doit être vendu en ligne.
liaison_id_web_missing,LIAISON,6866,id_web_raw,,medium,anomalie_probable,Référence ERP sans identifiant Web; peut correspondre à un produit hors ligne.,Confirmer le périmètre et compléter le mapping si le produit doit être vendu en ligne.
liaison_id_web_missing,LIAISON,6869,id_web_raw,,medium,anomalie_probable,Référence ERP sans identifiant Web; peut correspondre à un produit hors ligne.,Confirmer le périmètre et compléter le mapping si le produit doit être vendu en ligne.
liaison_id_web_missing,LIAISON,6875,id_web_raw,,medium,anomalie_probable,Référence ERP sans identifiant Web; peut correspondre à un produit hors ligne.,Confirmer le périmètre et compléter le mapping si le produit doit être vendu en ligne.
liaison_id_web_missing,LIAISON,6898,id_web_raw,,medium,anomalie_probable,Référence ERP sans identifiant Web; peut correspondre à un produit hors ligne.,Confirmer le périmètre et compléter le mapping si le produit doit être vendu en ligne.
liaison_id_web_missing,LIAISON,6899,id_web_raw,,medium,anomalie_probable,Référence ERP sans identifiant Web; peut correspondre à un produit hors ligne.,Confirmer le périmètre et compléter le mapping si le produit doit être vendu en ligne.
liaison_id_web_missing,LIAISON,6900,id_web_raw,,medium,anomalie_probable,Référence ERP sans identifiant Web; peut correspondre à un produit hors ligne.,Confirmer le périmètre et compléter le mapping si le produit doit être vendu en ligne.
liaison_id_web_missing,LIAISON,6901,id_web_raw,,medium,anomalie_probable,Référence ERP sans identifiant Web; peut correspondre à un produit hors ligne.,Confirmer le périmètre et compléter le mapping si le produit doit être vendu en ligne.
liaison_id_web_missing,LIAISON,6902,id_web_raw,,medium,anomalie_probable,Référence ERP sans identifiant Web; peut correspondre à un produit hors ligne.,Confirmer le périmètre et compléter le mapping si le produit doit être vendu en ligne.
liaison_id_web_missing,LIAISON,6903,id_web_raw,,medium,anomalie_probable,Référence ERP sans identifiant Web; peut correspondre à un produit hors ligne.,Confirmer le périmètre et compléter le mapping si le produit doit être vendu en ligne.
liaison_id_web_missing,LIAISON,6904,id_web_raw,,medium,anomalie_probable,Référence ERP sans identifiant Web; peut correspondre à un produit hors ligne.,Confirmer le périmètre et compléter le mapping si le produit doit être vendu en ligne.
liaison_id_web_missing,LIAISON,6905,id_web_raw,,medium,anomalie_probable,Référence ERP sans identifiant Web; peut correspondre à un produit hors ligne.,Confirmer le périmètre et compléter le mapping si le produit doit être vendu en ligne.
liaison_id_web_missing,LIAISON,6906,id_web_raw,,medium,anomalie_probable,Référence ERP sans identifiant Web; peut correspondre à un produit hors ligne.,Confirmer le périmètre et compléter le mapping si le produit doit être vendu en ligne.
liaison_id_web_missing,LIAISON,6907,id_web_raw,,medium,anomalie_probable,Référence ERP sans identifiant Web; peut correspondre à un produit hors ligne.,Confirmer le périmètre et compléter le mapping si le produit doit être vendu en ligne.
liaison_id_web_missing,LIAISON,6908,id_web_raw,,medium,anomalie_probable,Référence ERP sans identifiant Web; peut correspondre à un produit hors ligne.,Confirmer le périmètre et compléter le mapping si le produit doit être vendu en ligne.
liaison_id_web_missing,LIAISON,6909,id_web_raw,,medium,anomalie_probable,Référence ERP sans identifiant Web; peut correspondre à un produit hors ligne.,Confirmer le périmètre et compléter le mapping si le produit doit être vendu en ligne.
liaison_id_web_missing,LIAISON,7008,id_web_raw,,medium,anomalie_probable,Référence ERP sans identifiant Web; peut correspondre à un produit hors ligne.,Confirmer le périmètre et compléter le mapping si le produit doit être vendu en ligne.
liaison_id_web_missing,LIAISON,7009,id_web_raw,,medium,anomalie_probable,Référence ERP sans identifiant Web; peut correspondre à un produit hors ligne.,Confirmer le périmètre et compléter le mapping si le produit doit être vendu en ligne.
liaison_id_web_missing,LIAISON,7010,id_web_raw,,medium,anomalie_probable,Référence ERP sans identifiant Web; peut correspondre à un produit hors ligne.,Confirmer le périmètre et compléter le mapping si le produit doit être vendu en ligne.
liaison_id_web_missing,LIAISON,7015,id_web_raw,,medium,anomalie_probable,Référence ERP sans identifiant Web; peut correspondre à un produit hors ligne.,Confirmer le périmètre et compléter le mapping si le produit doit être vendu en ligne.
liaison_id_web_missing,LIAISON,7081,id_web_raw,,medium,anomalie_probable,Référence ERP sans identifiant Web; peut correspondre à un produit hors ligne.,Confirmer le périmètre et compléter le mapping si le produit doit être vendu en ligne.
liaison_id_web_missing,LIAISON,7084,id_web_raw,,medium,anomalie_probable,Référence ERP sans identifiant Web; peut correspondre à un produit hors ligne.,Confirmer le périmètre et compléter le mapping si le produit doit être vendu en ligne.
liaison_id_web_missing,LIAISON,7085,id_web_raw,,medium,anomalie_probable,Référence ERP sans identifiant Web; peut correspondre à un produit hors ligne.,Confirmer le périmètre et compléter le mapping si le produit doit être vendu en ligne.
liaison_id_web_missing,LIAISON,7086,id_web_raw,,medium,anomalie_probable,Référence ERP sans identifiant Web; peut correspondre à un produit hors ligne.,Confirmer le périmètre et compléter le mapping si le produit doit être vendu en ligne.
liaison_id_web_missing,LIAISON,7087,id_web_raw,,medium,anomalie_probable,Référence ERP sans identifiant Web; peut correspondre à un produit hors ligne.,Confirmer le périmètre et compléter le mapping si le produit doit être vendu en ligne.
liaison_id_web_missing,LIAISON,7088,id_web_raw,,medium,anomalie_probable,Référence ERP sans identifiant Web; peut correspondre à un produit hors ligne.,Confirmer le périmètre et compléter le mapping si le produit doit être vendu en ligne.
liaison_id_web_missing,LIAISON,7131,id_web_raw,,medium,anomalie_probable,Référence ERP sans identifiant Web; peut correspondre à un produit hors ligne.,Confirmer le périmètre et compléter le mapping si le produit doit être vendu en ligne.
liaison_id_web_missing,LIAISON,7132,id_web_raw,,medium,anomalie_probable,Référence ERP sans identifiant Web; peut correspondre à un produit hors ligne.,Confirmer le périmètre et compléter le mapping si le produit doit être vendu en ligne.
liaison_id_web_missing,LIAISON,7133,id_web_raw,,medium,anomalie_probable,Référence ERP sans identifiant Web; peut correspondre à un produit hors ligne.,Confirmer le périmètre et compléter le mapping si le produit doit être vendu en ligne.
liaison_id_web_missing,LIAISON,7136,id_web_raw,,medium,anomalie_probable,Référence ERP sans identifiant Web; peut correspondre à un produit hors ligne.,Confirmer le périmètre et compléter le mapping si le produit doit être vendu en ligne.
liaison_id_web_missing,LIAISON,7137,id_web_raw,,medium,anomalie_probable,Référence ERP sans identifiant Web; peut correspondre à un produit hors ligne.,Confirmer le périmètre et compléter le mapping si le produit doit être vendu en ligne.
liaison_id_web_missing,LIAISON,7159,id_web_raw,,medium,anomalie_probable,Référence ERP sans identifiant Web; peut correspondre à un produit hors ligne.,Confirmer le périmètre et compléter le mapping si le produit doit être vendu en ligne.
liaison_id_web_missing,LIAISON,7161,id_web_raw,,medium,anomalie_probable,Référence ERP sans identifiant Web; peut correspondre à un produit hors ligne.,Confirmer le périmètre et compléter le mapping si le produit doit être vendu en ligne.
liaison_id_web_missing,LIAISON,7162,id_web_raw,,medium,anomalie_probable,Référence ERP sans identifiant Web; peut correspondre à un produit hors ligne.,Confirmer le périmètre et compléter le mapping si le produit doit être vendu en ligne.
liaison_id_web_missing,LIAISON,7163,id_web_raw,,medium,anomalie_probable,Référence ERP sans identifiant Web; peut correspondre à un produit hors ligne.,Confirmer le périmètre et compléter le mapping si le produit doit être vendu en ligne.
liaison_id_web_missing,LIAISON,7164,id_web_raw,,medium,anomalie_probable,Référence ERP sans identifiant Web; peut correspondre à un produit hors ligne.,Confirmer le périmètre et compléter le mapping si le produit doit être vendu en ligne.
liaison_id_web_missing,LIAISON,7168,id_web_raw,,medium,anomalie_probable,Référence ERP sans identifiant Web; peut correspondre à un produit hors ligne.,Confirmer le périmètre et compléter le mapping si le produit doit être vendu en ligne.
liaison_id_web_missing,LIAISON,7169,id_web_raw,,medium,anomalie_probable,Référence ERP sans identifiant Web; peut correspondre à un produit hors ligne.,Confirmer le périmètre et compléter le mapping si le produit doit être vendu en ligne.
liaison_id_web_missing,LIAISON,7170,id_web_raw,,medium,anomalie_probable,Référence ERP sans identifiant Web; peut correspondre à un produit hors ligne.,Confirmer le périmètre et compléter le mapping si le produit doit être vendu en ligne.
liaison_id_web_missing,LIAISON,7192,id_web_raw,,medium,anomalie_probable,Référence ERP sans identifiant Web; peut correspondre à un produit hors ligne.,Confirmer le périmètre et compléter le mapping si le produit doit être vendu en ligne.
liaison_id_web_missing,LIAISON,7193,id_web_raw,,medium,anomalie_probable,Référence ERP sans identifiant Web; peut correspondre à un produit hors ligne.,Confirmer le périmètre et compléter le mapping si le produit doit être vendu en ligne.
liaison_id_web_missing,LIAISON,7194,id_web_raw,,medium,anomalie_probable,Référence ERP sans identifiant Web; peut correspondre à un produit hors ligne.,Confirmer le périmètre et compléter le mapping si le produit doit être vendu en ligne.
liaison_id_web_missing,LIAISON,7195,id_web_raw,,medium,anomalie_probable,Référence ERP sans identifiant Web; peut correspondre à un produit hors ligne.,Confirmer le périmètre et compléter le mapping si le produit doit être vendu en ligne.
liaison_id_web_missing,LIAISON,7196,id_web_raw,,medium,anomalie_probable,Référence ERP sans identifiant Web; peut correspondre à un produit hors ligne.,Confirmer le périmètre et compléter le mapping si le produit doit être vendu en ligne.
liaison_id_web_missing,LIAISON,7200,id_web_raw,,medium,anomalie_probable,Référence ERP sans identifiant Web; peut correspondre à un produit hors ligne.,Confirmer le périmètre et compléter le mapping si le produit doit être vendu en ligne.
liaison_id_web_missing,LIAISON,7201,id_web_raw,,medium,anomalie_probable,Référence ERP sans identifiant Web; peut correspondre à un produit hors ligne.,Confirmer le périmètre et compléter le mapping si le produit doit être vendu en ligne.
liaison_id_web_missing,LIAISON,7203,id_web_raw,,medium,anomalie_probable,Référence ERP sans identifiant Web; peut correspondre à un produit hors ligne.,Confirmer le périmètre et compléter le mapping si le produit doit être vendu en ligne.
liaison_id_web_missing,LIAISON,7204,id_web_raw,,medium,anomalie_probable,Référence ERP sans identifiant Web; peut correspondre à un produit hors ligne.,Confirmer le périmètre et compléter le mapping si le produit doit être vendu en ligne.
liaison_web_product_missing,RAPPROCHEMENT,4289,id_web,13771,medium,anomalie_probable,Identifiant Web présent dans la liaison mais absent des lignes produit Web.,"Vérifier désactivation, obsolescence ou défaut d'export."
liaison_web_product_missing,RAPPROCHEMENT,4568,id_web,15065,medium,anomalie_probable,Identifiant Web présent dans la liaison mais absent des lignes produit Web.,"Vérifier désactivation, obsolescence ou défaut d'export."
liaison_web_product_missing,RAPPROCHEMENT,4584,id_web,14785,medium,anomalie_probable,Identifiant Web présent dans la liaison mais absent des lignes produit Web.,"Vérifier désactivation, obsolescence ou défaut d'export."
liaison_web_product_missing,RAPPROCHEMENT,4741,id_web,12601,medium,anomalie_probable,Identifiant Web présent dans la liaison mais absent des lignes produit Web.,"Vérifier désactivation, obsolescence ou défaut d'export."
liaison_web_product_missing,RAPPROCHEMENT,4864,id_web,15154,medium,anomalie_probable,Identifiant Web présent dans la liaison mais absent des lignes produit Web.,"Vérifier désactivation, obsolescence ou défaut d'export."
liaison_web_product_missing,RAPPROCHEMENT,4869,id_web,14360,medium,anomalie_probable,Identifiant Web présent dans la liaison mais absent des lignes produit Web.,"Vérifier désactivation, obsolescence ou défaut d'export."
liaison_web_product_missing,RAPPROCHEMENT,4921,id_web,15608,medium,anomalie_probable,Identifiant Web présent dans la liaison mais absent des lignes produit Web.,"Vérifier désactivation, obsolescence ou défaut d'export."
liaison_web_product_missing,RAPPROCHEMENT,4922,id_web,15586,medium,anomalie_probable,Identifiant Web présent dans la liaison mais absent des lignes produit Web.,"Vérifier désactivation, obsolescence ou défaut d'export."
liaison_web_product_missing,RAPPROCHEMENT,5018,id_web,15272,medium,anomalie_probable,Identifiant Web présent dans la liaison mais absent des lignes produit Web.,"Vérifier désactivation, obsolescence ou défaut d'export."
liaison_web_product_missing,RAPPROCHEMENT,5021,id_web,15630,medium,anomalie_probable,Identifiant Web présent dans la liaison mais absent des lignes produit Web.,"Vérifier désactivation, obsolescence ou défaut d'export."
liaison_web_product_missing,RAPPROCHEMENT,5505,id_web,14648,medium,anomalie_probable,Identifiant Web présent dans la liaison mais absent des lignes produit Web.,"Vérifier désactivation, obsolescence ou défaut d'export."
liaison_web_product_missing,RAPPROCHEMENT,5559,id_web,14715,medium,anomalie_probable,Identifiant Web présent dans la liaison mais absent des lignes produit Web.,"Vérifier désactivation, obsolescence ou défaut d'export."
liaison_web_product_missing,RAPPROCHEMENT,5570,id_web,14730,medium,anomalie_probable,Identifiant Web présent dans la liaison mais absent des lignes produit Web.,"Vérifier désactivation, obsolescence ou défaut d'export."
liaison_web_product_missing,RAPPROCHEMENT,5800,id_web,14689,medium,anomalie_probable,Identifiant Web présent dans la liaison mais absent des lignes produit Web.,"Vérifier désactivation, obsolescence ou défaut d'export."
liaison_web_product_missing,RAPPROCHEMENT,5953,id_web,14379,medium,anomalie_probable,Identifiant Web présent dans la liaison mais absent des lignes produit Web.,"Vérifier désactivation, obsolescence ou défaut d'export."
liaison_web_product_missing,RAPPROCHEMENT,5954,id_web,15609,medium,anomalie_probable,Identifiant Web présent dans la liaison mais absent des lignes produit Web.,"Vérifier désactivation, obsolescence ou défaut d'export."
liaison_web_product_missing,RAPPROCHEMENT,5955,id_web,14377,medium,anomalie_probable,Identifiant Web présent dans la liaison mais absent des lignes produit Web.,"Vérifier désactivation, obsolescence ou défaut d'export."
liaison_web_product_missing,RAPPROCHEMENT,5957,id_web,13577,medium,anomalie_probable,Identifiant Web présent dans la liaison mais absent des lignes produit Web.,"Vérifier désactivation, obsolescence ou défaut d'export."
liaison_web_product_missing,RAPPROCHEMENT,6100,id_web,15529,medium,anomalie_probable,Identifiant Web présent dans la liaison mais absent des lignes produit Web.,"Vérifier désactivation, obsolescence ou défaut d'export."
liaison_web_product_missing,RAPPROCHEMENT,7329,id_web,14680-1,medium,anomalie_probable,Identifiant Web présent dans la liaison mais absent des lignes produit Web.,"Vérifier désactivation, obsolescence ou défaut d'export."
